Date,hour_of_day,order_count,avg_ticket_size,day_name,month,is_peak_hour,day_code
2024-03-01,10,1,38.7,Friday,3,0,0
2024-03-01,12,2,38.7,Friday,3,0,0
2024-03-01,13,2,33.8,Friday,3,0,0
2024-03-01,15,1,33.8,Friday,3,0,0
2024-03-01,16,1,38.7,Friday,3,0,0
2024-03-01,18,1,33.8,Friday,3,0,0
2024-03-01,19,3,35.43333333333333,Friday,3,1,0
2024-03-02,10,2,31.349999999999998,Saturday,3,0,2
2024-03-02,11,1,33.8,Saturday,3,0,2
2024-03-02,14,1,28.9,Saturday,3,0,2
2024-03-02,16,1,33.8,Saturday,3,0,2
2024-03-02,17,1,28.9,Saturday,3,0,2
2024-03-03,10,1,38.7,Sunday,3,0,3
2024-03-03,11,1,28.9,Sunday,3,0,3
2024-03-03,12,1,28.9,Sunday,3,0,3
2024-03-03,13,1,38.7,Sunday,3,0,3
2024-03-03,17,2,33.8,Sunday,3,0,3
2024-03-03,18,3,35.43333333333333,Sunday,3,1,3
2024-03-04,10,2,38.7,Monday,3,0,1
2024-03-04,11,1,33.8,Monday,3,0,1
2024-03-04,14,1,24.0,Monday,3,0,1
2024-03-05,9,1,38.7,Tuesday,3,0,5
2024-03-05,14,1,38.7,Tuesday,3,0,5
2024-03-05,17,6,37.06666666666667,Tuesday,3,1,5
2024-03-05,18,1,38.7,Tuesday,3,0,5
2024-03-06,13,2,28.9,Wednesday,3,0,6
2024-03-06,14,2,38.7,Wednesday,3,0,6
2024-03-07,10,1,38.7,Thursday,3,0,4
2024-03-07,11,1,38.7,Thursday,3,0,4
2024-03-07,15,2,31.349999999999998,Thursday,3,0,4
2024-03-08,10,1,28.9,Friday,3,0,0
2024-03-08,12,1,38.7,Friday,3,0,0
2024-03-08,13,1,28.9,Friday,3,0,0
2024-03-08,14,3,30.53333333333333,Friday,3,1,0
2024-03-08,18,2,38.7,Friday,3,0,0
2024-03-09,12,5,29.880000000000003,Saturday,3,1,2
2024-03-09,13,4,35.025,Saturday,3,1,2
2024-03-09,14,2,36.25,Saturday,3,0,2
2024-03-09,19,2,38.7,Saturday,3,0,2
2024-03-10,11,1,24.0,Sunday,3,0,3
2024-03-10,19,2,33.8,Sunday,3,0,3
2024-03-11,11,1,38.7,Monday,3,0,1
2024-03-11,16,3,32.166666666666664,Monday,3,1,1
2024-03-12,10,2,28.9,Tuesday,3,0,5
2024-03-12,11,1,38.7,Tuesday,3,0,5
2024-03-12,12,2,31.349999999999998,Tuesday,3,0,5
2024-03-12,16,1,28.9,Tuesday,3,0,5
2024-03-13,11,2,33.8,Wednesday,3,0,6
2024-03-13,12,2,28.9,Wednesday,3,0,6
2024-03-13,14,1,33.8,Wednesday,3,0,6
2024-03-13,15,2,24.0,Wednesday,3,0,6
2024-03-13,16,1,24.0,Wednesday,3,0,6
2024-03-14,10,2,38.7,Thursday,3,0,4
2024-03-14,13,4,28.9,Thursday,3,1,4
2024-03-14,15,1,38.7,Thursday,3,0,4
2024-03-14,16,2,28.9,Thursday,3,0,4
2024-03-14,18,1,38.7,Thursday,3,0,4
2024-03-14,19,1,28.9,Thursday,3,0,4
2024-03-15,10,1,38.7,Friday,3,0,0
2024-03-15,18,1,28.9,Friday,3,0,0
2024-03-16,12,2,31.349999999999998,Saturday,3,0,2
2024-03-16,15,1,28.9,Saturday,3,0,2
2024-03-16,16,2,28.9,Saturday,3,0,2
2024-03-16,17,1,33.8,Saturday,3,0,2
2024-03-17,12,1,28.9,Sunday,3,0,3
2024-03-18,11,1,28.9,Monday,3,0,1
2024-03-18,15,3,28.899999999999995,Monday,3,1,1
2024-03-19,14,2,38.7,Tuesday,3,0,5
2024-03-19,15,1,38.7,Tuesday,3,0,5
2024-03-19,16,1,33.8,Tuesday,3,0,5
2024-03-20,11,1,28.9,Wednesday,3,0,6
2024-03-20,12,1,28.9,Wednesday,3,0,6
2024-03-20,13,1,38.7,Wednesday,3,0,6
2024-03-20,16,1,38.7,Wednesday,3,0,6
2024-03-20,17,1,38.7,Wednesday,3,0,6
2024-03-21,12,2,33.8,Thursday,3,0,4
2024-03-21,17,1,28.9,Thursday,3,0,4
2024-03-21,19,1,38.7,Thursday,3,0,4
2024-03-22,10,1,33.8,Friday,3,0,0
2024-03-22,13,1,33.8,Friday,3,0,0
2024-03-22,17,3,27.266666666666666,Friday,3,1,0
2024-03-23,10,2,36.25,Saturday,3,0,2
2024-03-23,13,2,38.7,Saturday,3,0,2
2024-03-23,14,1,33.8,Saturday,3,0,2
2024-03-23,15,2,36.25,Saturday,3,0,2
2024-03-23,16,1,28.9,Saturday,3,0,2
2024-03-24,18,1,38.7,Sunday,3,0,3
2024-03-25,10,1,38.7,Monday,3,0,1
2024-03-25,14,2,38.7,Monday,3,0,1
2024-03-25,18,1,33.8,Monday,3,0,1
2024-03-25,19,1,38.7,Monday,3,0,1
2024-03-26,10,3,38.7,Tuesday,3,1,5
2024-03-26,11,1,28.9,Tuesday,3,0,5
2024-03-26,13,4,28.9,Tuesday,3,1,5
2024-03-26,15,1,38.7,Tuesday,3,0,5
2024-03-26,18,2,38.7,Tuesday,3,0,5
2024-03-27,11,2,31.349999999999998,Wednesday,3,0,6
2024-03-27,12,1,33.8,Wednesday,3,0,6
2024-03-27,13,1,38.7,Wednesday,3,0,6
2024-03-27,14,2,33.8,Wednesday,3,0,6
2024-03-27,18,1,28.9,Wednesday,3,0,6
2024-03-28,14,1,28.9,Thursday,3,0,4
2024-03-28,17,3,32.166666666666664,Thursday,3,1,4
2024-03-29,10,1,38.7,Friday,3,0,0
2024-03-29,12,2,38.7,Friday,3,0,0
2024-03-30,11,1,38.7,Saturday,3,0,2
2024-03-30,16,3,37.06666666666667,Saturday,3,1,2
2024-03-31,10,1,38.7,Sunday,3,0,3
2024-04-01,10,3,32.166666666666664,Monday,4,1,1
2024-04-01,11,1,33.8,Monday,4,0,1
2024-04-01,18,2,36.25,Monday,4,0,1
2024-04-02,10,1,38.7,Tuesday,4,0,5
2024-04-02,16,2,28.9,Tuesday,4,0,5
2024-04-03,10,2,28.9,Wednesday,4,0,6
2024-04-03,13,1,38.7,Wednesday,4,0,6
2024-04-04,10,1,38.7,Thursday,4,0,4
2024-04-04,11,2,38.7,Thursday,4,0,4
2024-04-04,12,1,28.9,Thursday,4,0,4
2024-04-05,10,2,28.9,Friday,4,0,0
2024-04-05,11,1,28.9,Friday,4,0,0
2024-04-05,12,1,33.8,Friday,4,0,0
2024-04-05,14,2,33.8,Friday,4,0,0
2024-04-05,16,1,24.0,Friday,4,0,0
2024-04-06,12,1,33.8,Saturday,4,0,2
2024-04-06,14,3,35.43333333333334,Saturday,4,1,2
2024-04-07,10,1,38.7,Sunday,4,0,3
2024-04-07,12,2,38.7,Sunday,4,0,3
2024-04-07,14,2,26.45,Sunday,4,0,3
2024-04-07,18,2,36.25,Sunday,4,0,3
2024-04-08,10,2,36.25,Monday,4,0,1
2024-04-08,11,2,33.8,Monday,4,0,1
2024-04-08,16,1,38.7,Monday,4,0,1
2024-04-08,18,1,28.9,Monday,4,0,1
2024-04-08,19,2,36.25,Monday,4,0,1
2024-04-09,11,1,38.7,Tuesday,4,0,5
2024-04-09,15,1,38.7,Tuesday,4,0,5
2024-04-09,17,1,38.7,Tuesday,4,0,5
2024-04-10,17,1,24.0,Wednesday,4,0,6
2024-04-10,18,1,38.7,Wednesday,4,0,6
2024-04-10,20,1,38.7,Wednesday,4,0,6
2024-04-11,10,2,28.9,Thursday,4,0,4
2024-04-11,16,1,38.7,Thursday,4,0,4
2024-04-11,19,2,36.25,Thursday,4,0,4
2024-04-12,19,2,33.8,Friday,4,0,0
2024-04-13,12,2,33.8,Saturday,4,0,2
2024-04-13,16,2,38.7,Saturday,4,0,2
2024-04-13,17,2,38.7,Saturday,4,0,2
2024-04-14,12,1,38.7,Sunday,4,0,3
2024-04-14,13,1,28.9,Sunday,4,0,3
2024-04-14,14,3,28.899999999999995,Sunday,4,1,3
2024-04-14,15,1,38.7,Sunday,4,0,3
2024-04-14,16,1,28.9,Sunday,4,0,3
2024-04-14,17,1,38.7,Sunday,4,0,3
2024-04-14,18,1,38.7,Sunday,4,0,3
2024-04-15,11,1,28.9,Monday,4,0,1
2024-04-15,17,2,31.349999999999998,Monday,4,0,1
2024-04-15,19,1,33.8,Monday,4,0,1
2024-04-16,10,1,33.8,Tuesday,4,0,5
2024-04-16,12,2,33.8,Tuesday,4,0,5
2024-04-16,15,1,28.9,Tuesday,4,0,5
2024-04-16,17,2,36.25,Tuesday,4,0,5
2024-04-16,18,1,38.7,Tuesday,4,0,5
2024-04-17,13,2,26.45,Wednesday,4,0,6
2024-04-17,17,2,38.7,Wednesday,4,0,6
2024-04-17,18,1,28.9,Wednesday,4,0,6
2024-04-18,11,2,28.9,Thursday,4,0,4
2024-04-18,13,2,31.349999999999998,Thursday,4,0,4
2024-04-18,14,2,38.7,Thursday,4,0,4
2024-04-18,17,1,38.7,Thursday,4,0,4
2024-04-18,18,1,38.7,Thursday,4,0,4
2024-04-18,19,2,38.7,Thursday,4,0,4
2024-04-19,10,1,38.7,Friday,4,0,0
2024-04-19,13,4,37.475,Friday,4,1,0
2024-04-19,18,2,36.25,Friday,4,0,0
2024-04-20,12,2,33.8,Saturday,4,0,2
2024-04-20,13,3,33.800000000000004,Saturday,4,1,2
2024-04-20,14,1,38.7,Saturday,4,0,2
2024-04-20,15,3,33.14666666666667,Saturday,4,1,2
2024-04-20,18,2,37.72,Saturday,4,0,2
2024-04-20,19,1,37.72,Saturday,4,0,2
2024-04-21,11,1,37.72,Sunday,4,0,3
2024-04-21,14,1,27.92,Sunday,4,0,3
2024-04-22,11,2,30.37,Monday,4,0,1
2024-04-22,19,1,37.72,Monday,4,0,1
2024-04-23,14,3,36.086666666666666,Tuesday,4,1,5
2024-04-23,19,2,32.82,Tuesday,4,0,5
2024-04-24,10,2,35.269999999999996,Wednesday,4,0,6
2024-04-24,11,2,32.82,Wednesday,4,0,6
2024-04-24,12,1,32.82,Wednesday,4,0,6
2024-04-24,16,1,32.82,Wednesday,4,0,6
2024-04-24,19,2,35.269999999999996,Wednesday,4,0,6
2024-04-25,10,1,27.92,Thursday,4,0,4
2024-04-25,15,1,37.72,Thursday,4,0,4
2024-04-25,17,2,27.92,Thursday,4,0,4
2024-04-26,10,1,37.72,Friday,4,0,0
2024-04-26,12,1,37.72,Friday,4,0,0
2024-04-26,13,1,37.72,Friday,4,0,0
2024-04-26,15,2,27.92,Friday,4,0,0
2024-04-26,16,2,27.92,Friday,4,0,0
2024-04-26,19,2,37.72,Friday,4,0,0
2024-04-27,15,1,37.72,Saturday,4,0,2
2024-04-28,10,1,37.72,Sunday,4,0,3
2024-04-28,12,1,37.72,Sunday,4,0,3
2024-04-28,18,3,31.186666666666667,Sunday,4,1,3
2024-04-29,11,1,27.92,Monday,4,0,1
2024-04-29,13,4,29.145000000000003,Monday,4,1,1
2024-04-29,18,1,37.72,Monday,4,0,1
2024-04-29,19,2,37.72,Monday,4,0,1
2024-04-30,10,3,34.45333333333333,Tuesday,4,1,5
2024-04-30,13,2,30.37,Tuesday,4,0,5
2024-04-30,19,3,36.086666666666666,Tuesday,4,1,5
2024-05-02,10,1,27.92,Thursday,5,0,4
2024-05-02,13,1,32.82,Thursday,5,0,4
2024-05-02,18,2,35.269999999999996,Thursday,5,0,4
2024-05-02,19,2,37.72,Thursday,5,0,4
2024-05-03,14,1,37.72,Friday,5,0,0
2024-05-03,17,1,37.72,Friday,5,0,0
2024-05-06,10,5,30.860000000000003,Monday,5,1,1
2024-05-06,13,2,27.92,Monday,5,0,1
2024-05-06,19,2,37.72,Monday,5,0,1
2024-05-07,10,1,37.72,Tuesday,5,0,5
2024-05-07,11,1,27.92,Tuesday,5,0,5
2024-05-07,13,1,27.92,Tuesday,5,0,5
2024-05-07,16,2,32.82,Tuesday,5,0,5
2024-05-07,17,2,37.72,Tuesday,5,0,5
2024-05-07,19,2,37.72,Tuesday,5,0,5
2024-05-08,10,1,37.72,Wednesday,5,0,6
2024-05-09,12,1,37.72,Thursday,5,0,4
2024-05-09,13,4,35.269999999999996,Thursday,5,1,4
2024-05-09,16,2,27.92,Thursday,5,0,4
2024-05-09,18,2,30.37,Thursday,5,0,4
2024-05-10,15,2,37.72,Friday,5,0,0
2024-05-11,11,1,37.72,Saturday,5,0,2
2024-05-11,17,4,35.269999999999996,Saturday,5,1,2
2024-05-11,18,1,37.72,Saturday,5,0,2
2024-05-11,19,1,37.72,Saturday,5,0,2
2024-05-12,10,1,37.72,Sunday,5,0,3
2024-05-12,13,2,32.82,Sunday,5,0,3
2024-05-12,15,3,34.45333333333333,Sunday,5,1,3
2024-05-12,16,1,32.82,Sunday,5,0,3
2024-05-12,19,1,32.82,Sunday,5,0,3
2024-05-13,11,1,32.82,Monday,5,0,1
2024-05-14,8,3,27.92,Tuesday,5,1,5
2024-05-14,10,1,37.72,Tuesday,5,0,5
2024-05-14,11,2,37.72,Tuesday,5,0,5
2024-05-14,14,2,35.269999999999996,Tuesday,5,0,5
2024-05-14,15,1,27.92,Tuesday,5,0,5
2024-05-14,16,2,35.269999999999996,Tuesday,5,0,5
2024-05-14,22,1,37.72,Tuesday,5,0,5
2024-05-15,8,1,37.72,Wednesday,5,0,6
2024-05-15,11,2,25.47,Wednesday,5,0,6
2024-05-15,13,4,29.145000000000003,Wednesday,5,1,6
2024-05-15,14,2,27.92,Wednesday,5,0,6
2024-05-15,17,1,23.02,Wednesday,5,0,6
2024-05-15,20,1,37.72,Wednesday,5,0,6
2024-05-16,10,2,32.82,Thursday,5,0,4
2024-05-16,12,1,32.82,Thursday,5,0,4
2024-05-16,15,1,37.72,Thursday,5,0,4
2024-05-16,17,1,37.72,Thursday,5,0,4
2024-05-16,18,2,37.72,Thursday,5,0,4
2024-05-17,9,1,27.92,Friday,5,0,0
2024-05-17,11,1,32.82,Friday,5,0,0
2024-05-17,19,2,35.269999999999996,Friday,5,0,0
2024-05-17,20,1,37.72,Friday,5,0,0
2024-05-17,22,3,34.45333333333333,Friday,5,1,0
2024-05-18,8,2,37.72,Saturday,5,0,2
2024-05-18,11,1,32.82,Saturday,5,0,2
2024-05-18,16,2,32.82,Saturday,5,0,2
2024-05-18,19,1,32.82,Saturday,5,0,2
2024-05-18,20,1,37.72,Saturday,5,0,2
2024-05-19,7,2,27.92,Sunday,5,0,3
2024-05-19,8,1,37.72,Sunday,5,0,3
2024-05-19,12,1,32.82,Sunday,5,0,3
2024-05-19,14,1,27.92,Sunday,5,0,3
2024-05-19,15,1,32.82,Sunday,5,0,3
2024-05-19,18,3,31.186666666666667,Sunday,5,1,3
2024-05-19,19,1,37.72,Sunday,5,0,3
2024-05-19,21,2,37.72,Sunday,5,0,3
2024-05-20,10,3,36.086666666666666,Monday,5,1,1
2024-05-20,11,2,27.92,Monday,5,0,1
2024-05-20,13,2,27.92,Monday,5,0,1
2024-05-20,14,2,35.269999999999996,Monday,5,0,1
2024-05-20,17,2,37.72,Monday,5,0,1
2024-05-20,20,3,32.82,Monday,5,1,1
2024-05-20,21,2,32.82,Monday,5,0,1
2024-05-21,8,1,37.72,Tuesday,5,0,5
2024-05-21,16,1,37.72,Tuesday,5,0,5
2024-05-21,18,1,23.02,Tuesday,5,0,5
2024-05-21,19,1,37.72,Tuesday,5,0,5
2024-05-21,20,1,37.72,Tuesday,5,0,5
2024-05-22,9,1,37.72,Wednesday,5,0,6
2024-05-22,10,1,32.82,Wednesday,5,0,6
2024-05-22,11,2,30.37,Wednesday,5,0,6
2024-05-22,12,2,27.92,Wednesday,5,0,6
2024-05-22,14,1,32.82,Wednesday,5,0,6
2024-05-22,19,2,37.72,Wednesday,5,0,6
2024-05-22,21,2,37.72,Wednesday,5,0,6
2024-05-23,10,1,37.72,Thursday,5,0,4
2024-05-23,12,1,23.02,Thursday,5,0,4
2024-05-23,15,2,37.72,Thursday,5,0,4
2024-05-23,16,2,37.72,Thursday,5,0,4
2024-05-23,17,2,37.72,Thursday,5,0,4
2024-05-23,19,4,35.269999999999996,Thursday,5,1,4
2024-05-23,20,2,37.72,Thursday,5,0,4
2024-05-23,22,1,32.82,Thursday,5,0,4
2024-05-24,11,3,27.92,Friday,5,1,0
2024-05-24,16,1,37.72,Friday,5,0,0
2024-05-24,18,2,27.92,Friday,5,0,0
2024-05-24,22,1,32.82,Friday,5,0,0
2024-05-25,12,4,34.045,Saturday,5,1,2
2024-05-25,16,2,30.37,Saturday,5,0,2
2024-05-26,10,1,37.72,Sunday,5,0,3
2024-05-26,14,3,31.186666666666667,Sunday,5,1,3
2024-05-26,17,1,37.72,Sunday,5,0,3
2024-05-26,18,4,35.269999999999996,Sunday,5,1,3
2024-05-26,20,1,37.72,Sunday,5,0,3
2024-05-26,21,5,35.760000000000005,Sunday,5,1,3
2024-05-27,11,1,27.92,Monday,5,0,1
2024-05-27,14,2,35.269999999999996,Monday,5,0,1
2024-05-27,15,2,27.92,Monday,5,0,1
2024-05-27,17,1,37.72,Monday,5,0,1
2024-05-27,18,1,27.92,Monday,5,0,1
2024-05-27,19,2,37.72,Monday,5,0,1
2024-05-27,21,2,35.269999999999996,Monday,5,0,1
2024-05-28,8,1,32.82,Tuesday,5,0,5
2024-05-28,9,1,32.82,Tuesday,5,0,5
2024-05-28,11,1,37.72,Tuesday,5,0,5
2024-05-28,13,1,37.72,Tuesday,5,0,5
2024-05-28,14,1,37.72,Tuesday,5,0,5
2024-05-28,16,1,27.92,Tuesday,5,0,5
2024-05-28,19,2,32.82,Tuesday,5,0,5
2024-05-28,20,2,30.37,Tuesday,5,0,5
2024-05-29,9,1,37.72,Wednesday,5,0,6
2024-05-29,11,1,37.72,Wednesday,5,0,6
2024-05-29,15,3,34.45333333333333,Wednesday,5,1,6
2024-05-29,16,1,37.72,Wednesday,5,0,6
2024-05-29,18,2,32.82,Wednesday,5,0,6
2024-05-29,20,2,37.72,Wednesday,5,0,6
2024-05-30,8,3,36.086666666666666,Thursday,5,1,4
2024-05-30,9,1,37.72,Thursday,5,0,4
2024-05-30,14,1,32.82,Thursday,5,0,4
2024-05-30,15,2,23.02,Thursday,5,0,4
2024-05-30,19,1,37.72,Thursday,5,0,4
2024-05-30,20,3,36.086666666666666,Thursday,5,1,4
2024-05-31,7,1,32.82,Friday,5,0,0
2024-05-31,9,1,37.72,Friday,5,0,0
2024-05-31,10,2,37.72,Friday,5,0,0
2024-05-31,14,1,32.82,Friday,5,0,0
2024-05-31,18,2,37.72,Friday,5,0,0
2024-05-31,20,3,36.086666666666666,Friday,5,1,0
2024-05-31,22,3,32.82,Friday,5,1,0
2024-06-01,8,1,27.92,Saturday,6,0,2
2024-06-01,9,1,37.72,Saturday,6,0,2
2024-06-01,11,1,37.72,Saturday,6,0,2
2024-06-01,14,1,32.82,Saturday,6,0,2
2024-06-01,18,2,32.82,Saturday,6,0,2
2024-06-01,20,3,37.72,Saturday,6,1,2
2024-06-01,21,1,32.82,Saturday,6,0,2
2024-06-02,20,3,36.086666666666666,Sunday,6,1,3
2024-06-02,21,2,35.269999999999996,Sunday,6,0,3
2024-06-03,10,2,37.72,Monday,6,0,1
2024-06-03,14,3,36.086666666666666,Monday,6,1,1
2024-06-04,9,1,27.92,Tuesday,6,0,5
2024-06-04,10,1,32.82,Tuesday,6,0,5
2024-06-04,12,2,37.72,Tuesday,6,0,5
2024-06-04,15,1,37.72,Tuesday,6,0,5
2024-06-04,17,2,32.82,Tuesday,6,0,5
2024-06-04,20,2,37.72,Tuesday,6,0,5
2024-06-04,21,5,31.839999999999996,Tuesday,6,1,5
2024-06-05,8,2,37.72,Wednesday,6,0,6
2024-06-05,9,1,27.92,Wednesday,6,0,6
2024-06-05,10,2,35.269999999999996,Wednesday,6,0,6
2024-06-05,19,2,35.269999999999996,Wednesday,6,0,6
2024-06-05,20,2,32.82,Wednesday,6,0,6
2024-06-06,8,2,32.82,Thursday,6,0,4
2024-06-06,10,1,37.72,Thursday,6,0,4
2024-06-06,12,1,27.92,Thursday,6,0,4
2024-06-06,15,2,35.269999999999996,Thursday,6,0,4
2024-06-06,21,5,36.739999999999995,Thursday,6,1,4
2024-06-07,8,1,37.72,Friday,6,0,0
2024-06-07,10,1,23.02,Friday,6,0,0
2024-06-07,13,1,32.82,Friday,6,0,0
2024-06-07,16,2,27.92,Friday,6,0,0
2024-06-08,9,2,30.37,Saturday,6,0,2
2024-06-08,20,2,37.72,Saturday,6,0,2
2024-06-09,8,1,37.72,Sunday,6,0,3
2024-06-09,10,2,37.72,Sunday,6,0,3
2024-06-09,11,3,29.55333333333333,Sunday,6,1,3
2024-06-09,12,3,36.086666666666666,Sunday,6,1,3
2024-06-09,15,1,27.92,Sunday,6,0,3
2024-06-09,16,1,37.72,Sunday,6,0,3
2024-06-09,19,1,32.82,Sunday,6,0,3
2024-06-09,21,1,27.92,Sunday,6,0,3
2024-06-10,12,2,37.72,Monday,6,0,1
2024-06-10,19,4,37.72,Monday,6,1,1
2024-06-11,10,1,32.82,Tuesday,6,0,5
2024-06-11,18,2,37.72,Tuesday,6,0,5
2024-06-11,21,3,34.45333333333333,Tuesday,6,1,5
2024-06-12,10,1,37.72,Wednesday,6,0,6
2024-06-12,11,1,37.72,Wednesday,6,0,6
2024-06-12,17,2,37.72,Wednesday,6,0,6
2024-06-12,20,2,35.269999999999996,Wednesday,6,0,6
2024-06-13,8,2,32.82,Thursday,6,0,4
2024-06-13,9,2,30.37,Thursday,6,0,4
2024-06-13,17,2,35.269999999999996,Thursday,6,0,4
2024-06-13,19,1,37.72,Thursday,6,0,4
2024-06-13,20,4,27.92,Thursday,6,1,4
2024-06-13,21,1,32.82,Thursday,6,0,4
2024-06-14,7,1,27.92,Friday,6,0,0
2024-06-14,10,1,27.92,Friday,6,0,0
2024-06-14,12,1,37.72,Friday,6,0,0
2024-06-14,18,1,32.82,Friday,6,0,0
2024-06-15,11,1,37.72,Saturday,6,0,2
2024-06-15,12,5,32.82,Saturday,6,1,2
2024-06-15,16,1,32.82,Saturday,6,0,2
2024-06-15,18,1,27.92,Saturday,6,0,2
2024-06-16,10,2,35.269999999999996,Sunday,6,0,3
2024-06-16,11,2,37.72,Sunday,6,0,3
2024-06-16,12,1,32.82,Sunday,6,0,3
2024-06-16,14,1,23.02,Sunday,6,0,3
2024-06-16,15,3,34.45333333333333,Sunday,6,1,3
2024-06-16,16,1,37.72,Sunday,6,0,3
2024-06-16,17,2,32.82,Sunday,6,0,3
2024-06-17,8,1,27.92,Monday,6,0,1
2024-06-17,10,3,31.186666666666667,Monday,6,1,1
2024-06-17,14,1,37.72,Monday,6,0,1
2024-06-17,16,3,34.45333333333333,Monday,6,1,1
2024-06-17,18,1,27.92,Monday,6,0,1
2024-06-17,21,1,32.82,Monday,6,0,1
2024-06-18,14,2,32.82,Tuesday,6,0,5
2024-06-18,19,2,37.72,Tuesday,6,0,5
2024-06-18,20,1,27.92,Tuesday,6,0,5
2024-06-18,21,2,32.82,Tuesday,6,0,5
2024-06-19,7,1,37.72,Wednesday,6,0,6
2024-06-19,8,1,27.92,Wednesday,6,0,6
2024-06-19,10,1,27.92,Wednesday,6,0,6
2024-06-19,11,2,37.72,Wednesday,6,0,6
2024-06-19,14,1,32.82,Wednesday,6,0,6
2024-06-19,18,2,37.72,Wednesday,6,0,6
2024-06-19,19,1,32.82,Wednesday,6,0,6
2024-06-19,21,2,35.269999999999996,Wednesday,6,0,6
2024-06-20,10,1,37.72,Thursday,6,0,4
2024-06-20,18,1,37.72,Thursday,6,0,4
2024-06-20,19,1,37.72,Thursday,6,0,4
2024-06-20,21,3,36.086666666666666,Thursday,6,1,4
2024-06-21,9,1,37.72,Friday,6,0,0
2024-06-21,10,1,27.92,Friday,6,0,0
2024-06-21,13,2,32.82,Friday,6,0,0
2024-06-21,18,1,23.02,Friday,6,0,0
2024-06-21,19,7,35.62,Friday,6,1,0
2024-06-22,8,1,27.92,Saturday,6,0,2
2024-06-22,9,1,32.82,Saturday,6,0,2
2024-06-22,12,1,32.82,Saturday,6,0,2
2024-06-22,15,1,37.72,Saturday,6,0,2
2024-06-22,22,1,37.72,Saturday,6,0,2
2024-06-23,18,2,32.82,Sunday,6,0,3
2024-06-23,21,3,37.72,Sunday,6,1,3
2024-06-24,11,3,36.086666666666666,Monday,6,1,1
2024-06-24,15,1,37.72,Monday,6,0,1
2024-06-24,16,2,37.72,Monday,6,0,1
2024-06-25,8,1,37.72,Tuesday,6,0,5
2024-06-25,10,2,32.82,Tuesday,6,0,5
2024-06-25,11,1,37.72,Tuesday,6,0,5
2024-06-26,9,1,37.72,Wednesday,6,0,6
2024-06-26,16,2,25.47,Wednesday,6,0,6
2024-06-26,21,3,36.086666666666666,Wednesday,6,1,6
2024-06-27,9,1,32.82,Thursday,6,0,4
2024-06-27,16,1,27.92,Thursday,6,0,4
2024-06-27,21,2,35.269999999999996,Thursday,6,0,4
2024-06-28,8,1,27.92,Friday,6,0,0
2024-06-28,17,1,23.02,Friday,6,0,0
2024-06-28,21,2,35.269999999999996,Friday,6,0,0
2024-06-28,22,1,37.72,Friday,6,0,0
2024-06-29,9,1,32.82,Saturday,6,0,2
2024-06-29,11,2,32.82,Saturday,6,0,2
2024-06-29,12,2,37.72,Saturday,6,0,2
2024-06-29,17,2,37.72,Saturday,6,0,2
2024-06-29,21,1,37.72,Saturday,6,0,2
2024-06-30,10,1,37.72,Sunday,6,0,3
2024-06-30,13,1,23.02,Sunday,6,0,3
2024-06-30,16,1,37.72,Sunday,6,0,3
2024-06-30,21,1,32.82,Sunday,6,0,3
2024-07-01,18,3,32.82,Monday,7,1,1
2024-07-02,10,2,30.37,Tuesday,7,0,5
2024-07-02,12,1,37.72,Tuesday,7,0,5
2024-07-02,14,1,27.92,Tuesday,7,0,5
2024-07-02,16,1,32.82,Tuesday,7,0,5
2024-07-02,22,1,32.82,Tuesday,7,0,5
2024-07-03,13,1,32.82,Wednesday,7,0,6
2024-07-03,16,6,33.63666666666666,Wednesday,7,1,6
2024-07-03,17,1,37.72,Wednesday,7,0,6
2024-07-03,19,1,37.72,Wednesday,7,0,6
2024-07-04,10,2,30.37,Thursday,7,0,4
2024-07-05,12,1,37.72,Friday,7,0,0
2024-07-05,13,2,32.82,Friday,7,0,0
2024-07-05,18,1,23.02,Friday,7,0,0
2024-07-05,19,1,27.92,Friday,7,0,0
2024-07-05,22,5,29.880000000000003,Friday,7,1,0
2024-07-06,10,1,37.72,Saturday,7,0,2
2024-07-06,17,2,32.82,Saturday,7,0,2
2024-07-06,19,2,30.37,Saturday,7,0,2
2024-07-07,9,5,30.860000000000003,Sunday,7,1,3
2024-07-07,14,2,32.82,Sunday,7,0,3
2024-07-07,17,1,32.82,Sunday,7,0,3
2024-07-07,19,1,32.82,Sunday,7,0,3
2024-07-07,20,1,32.82,Sunday,7,0,3
2024-07-07,22,1,27.92,Sunday,7,0,3
2024-07-08,7,1,32.82,Monday,7,0,1
2024-07-08,12,1,23.02,Monday,7,0,1
2024-07-08,14,1,23.02,Monday,7,0,1
2024-07-08,19,1,27.92,Monday,7,0,1
2024-07-08,22,1,32.82,Monday,7,0,1
2024-07-09,10,2,27.92,Tuesday,7,0,5
2024-07-09,11,2,30.37,Tuesday,7,0,5
2024-07-09,16,1,27.92,Tuesday,7,0,5
2024-07-10,11,1,23.02,Wednesday,7,0,6
2024-07-10,12,1,27.92,Wednesday,7,0,6
2024-07-10,22,1,32.82,Wednesday,7,0,6
2024-07-11,11,1,32.82,Thursday,7,0,4
2024-07-11,16,1,27.92,Thursday,7,0,4
2024-07-11,22,2,27.92,Thursday,7,0,4
2024-07-12,8,1,23.02,Friday,7,0,0
2024-07-12,11,1,32.82,Friday,7,0,0
2024-07-12,22,3,32.82,Friday,7,1,0
2024-07-13,10,1,32.82,Saturday,7,0,2
2024-07-13,11,1,32.82,Saturday,7,0,2
2024-07-14,10,4,29.145000000000003,Sunday,7,1,3
2024-07-14,11,1,23.02,Sunday,7,0,3
2024-07-14,22,1,32.82,Sunday,7,0,3
2024-07-15,7,1,32.82,Monday,7,0,1
2024-07-16,12,1,27.92,Tuesday,7,0,5
2024-07-16,19,1,32.82,Tuesday,7,0,5
2024-07-17,13,1,27.92,Wednesday,7,0,6
2024-07-18,11,5,23.02,Thursday,7,1,4
2024-07-18,13,1,32.82,Thursday,7,0,4
2024-07-18,18,1,32.82,Thursday,7,0,4
2024-07-18,19,1,32.82,Thursday,7,0,4
2024-07-18,21,3,32.82,Thursday,7,1,4
2024-07-19,11,2,25.47,Friday,7,0,0
2024-07-19,12,2,30.37,Friday,7,0,0
2024-07-19,14,2,32.82,Friday,7,0,0
2024-07-19,16,2,32.82,Friday,7,0,0
2024-07-20,8,3,26.286666666666665,Saturday,7,1,2
2024-07-20,9,2,32.82,Saturday,7,0,2
2024-07-20,10,1,23.02,Saturday,7,0,2
2024-07-20,15,1,32.82,Saturday,7,0,2
2024-07-21,10,1,32.82,Sunday,7,0,3
2024-07-21,11,1,32.82,Sunday,7,0,3
2024-07-21,13,2,27.92,Sunday,7,0,3
2024-07-22,8,2,23.02,Monday,7,0,1
2024-07-22,10,1,27.92,Monday,7,0,1
2024-07-22,16,1,32.82,Monday,7,0,1
2024-07-23,8,5,29.880000000000003,Tuesday,7,1,5
2024-07-23,9,1,23.02,Tuesday,7,0,5
2024-07-23,10,1,27.92,Tuesday,7,0,5
2024-07-23,15,2,30.37,Tuesday,7,0,5
2024-07-23,21,3,26.286666666666665,Tuesday,7,1,5
2024-07-24,9,3,24.653333333333336,Wednesday,7,1,6
2024-07-24,11,1,32.82,Wednesday,7,0,6
2024-07-24,13,1,32.82,Wednesday,7,0,6
2024-07-24,14,1,18.12,Wednesday,7,0,6
2024-07-24,15,1,32.82,Wednesday,7,0,6
2024-07-24,19,2,32.82,Wednesday,7,0,6
2024-07-24,21,3,24.653333333333336,Wednesday,7,1,6
2024-07-25,7,1,23.02,Thursday,7,0,4
2024-07-25,8,1,32.82,Thursday,7,0,4
2024-07-25,10,1,27.92,Thursday,7,0,4
2024-07-25,11,1,23.02,Thursday,7,0,4
2024-07-25,15,1,32.82,Thursday,7,0,4
2024-07-25,19,1,32.82,Thursday,7,0,4
2024-07-25,21,2,20.57,Thursday,7,0,4
2024-07-25,22,2,27.92,Thursday,7,0,4
2024-07-26,8,1,32.82,Friday,7,0,0
2024-07-26,9,5,24.98,Friday,7,1,0
2024-07-26,10,1,32.82,Friday,7,0,0
2024-07-26,11,1,27.92,Friday,7,0,0
2024-07-26,12,3,31.186666666666667,Friday,7,1,0
2024-07-26,13,1,32.82,Friday,7,0,0
2024-07-26,17,2,27.92,Friday,7,0,0
2024-07-26,21,1,32.82,Friday,7,0,0
2024-07-26,22,1,27.92,Friday,7,0,0
2024-07-27,9,1,32.82,Saturday,7,0,2
2024-07-27,11,1,27.92,Saturday,7,0,2
2024-07-27,12,3,24.653333333333336,Saturday,7,1,2
2024-07-27,14,2,25.47,Saturday,7,0,2
2024-07-27,17,4,30.37,Saturday,7,1,2
2024-07-27,20,1,32.82,Saturday,7,0,2
2024-07-27,22,1,32.82,Saturday,7,0,2
2024-07-28,11,1,18.12,Sunday,7,0,3
2024-07-28,14,2,30.37,Sunday,7,0,3
2024-07-29,8,1,32.82,Monday,7,0,1
2024-07-29,9,5,26.939999999999998,Monday,7,1,1
2024-07-29,10,2,32.82,Monday,7,0,1
2024-07-29,19,2,27.92,Monday,7,0,1
2024-07-29,21,1,32.82,Monday,7,0,1
2024-07-30,7,1,27.92,Tuesday,7,0,5
2024-07-30,8,2,27.92,Tuesday,7,0,5
2024-07-30,9,1,27.92,Tuesday,7,0,5
2024-07-30,10,3,27.92,Tuesday,7,1,5
2024-07-30,11,6,25.47,Tuesday,7,1,5
2024-07-30,12,1,32.82,Tuesday,7,0,5
2024-07-30,15,1,27.92,Tuesday,7,0,5
2024-07-30,16,2,25.47,Tuesday,7,0,5
2024-07-30,20,4,25.470000000000002,Tuesday,7,1,5
2024-07-30,21,1,32.82,Tuesday,7,0,5
2024-07-30,22,2,27.92,Tuesday,7,0,5
2024-07-31,7,1,27.92,Wednesday,7,0,6
2024-07-31,8,2,27.92,Wednesday,7,0,6
2024-07-31,9,3,24.653333333333336,Wednesday,7,1,6
2024-07-31,13,3,31.186666666666667,Wednesday,7,1,6
2024-07-31,17,1,23.02,Wednesday,7,0,6
2024-07-31,18,1,32.82,Wednesday,7,0,6
2024-07-31,19,2,27.92,Wednesday,7,0,6
2024-07-31,20,6,28.736666666666665,Wednesday,7,1,6
2024-07-31,21,3,32.82,Wednesday,7,1,6
2024-08-01,7,1,27.92,Thursday,8,0,4
2024-08-01,9,1,27.92,Thursday,8,0,4
2024-08-01,11,2,27.92,Thursday,8,0,4
2024-08-01,13,3,29.55333333333333,Thursday,8,1,4
2024-08-01,15,1,27.92,Thursday,8,0,4
2024-08-01,16,2,25.47,Thursday,8,0,4
2024-08-01,17,1,23.02,Thursday,8,0,4
2024-08-01,20,1,32.82,Thursday,8,0,4
2024-08-02,9,2,27.92,Friday,8,0,0
2024-08-02,11,1,23.02,Friday,8,0,0
2024-08-02,18,1,27.92,Friday,8,0,0
2024-08-02,21,1,32.82,Friday,8,0,0
2024-08-03,8,1,27.92,Saturday,8,0,2
2024-08-03,9,2,27.92,Saturday,8,0,2
2024-08-03,10,1,27.92,Saturday,8,0,2
2024-08-03,11,4,23.02,Saturday,8,1,2
2024-08-03,12,1,27.92,Saturday,8,0,2
2024-08-03,16,1,27.92,Saturday,8,0,2
2024-08-03,18,1,32.82,Saturday,8,0,2
2024-08-03,21,2,32.82,Saturday,8,0,2
2024-08-04,8,1,32.82,Sunday,8,0,3
2024-08-04,10,1,27.92,Sunday,8,0,3
2024-08-04,11,2,30.37,Sunday,8,0,3
2024-08-04,15,2,32.82,Sunday,8,0,3
2024-08-05,8,1,23.02,Monday,8,0,1
2024-08-05,9,1,27.92,Monday,8,0,1
2024-08-05,11,1,23.02,Monday,8,0,1
2024-08-05,13,1,32.82,Monday,8,0,1
2024-08-05,16,2,32.82,Monday,8,0,1
2024-08-05,17,2,30.37,Monday,8,0,1
2024-08-05,19,2,32.82,Monday,8,0,1
2024-08-05,20,2,32.82,Monday,8,0,1
2024-08-05,22,1,27.92,Monday,8,0,1
2024-08-06,10,2,27.92,Tuesday,8,0,5
2024-08-06,17,3,32.82,Tuesday,8,1,5
2024-08-06,19,2,30.37,Tuesday,8,0,5
2024-08-06,20,1,32.82,Tuesday,8,0,5
2024-08-07,8,1,27.92,Wednesday,8,0,6
2024-08-07,12,2,23.02,Wednesday,8,0,6
2024-08-07,13,1,18.12,Wednesday,8,0,6
2024-08-07,16,1,23.02,Wednesday,8,0,6
2024-08-07,19,1,32.82,Wednesday,8,0,6
2024-08-07,20,1,32.82,Wednesday,8,0,6
2024-08-07,21,1,32.82,Wednesday,8,0,6
2024-08-07,22,2,32.82,Wednesday,8,0,6
2024-08-08,8,2,20.57,Thursday,8,0,4
2024-08-08,12,3,24.653333333333336,Thursday,8,1,4
2024-08-08,16,1,32.82,Thursday,8,0,4
2024-08-08,17,1,32.82,Thursday,8,0,4
2024-08-08,21,1,27.92,Thursday,8,0,4
2024-08-09,7,1,32.82,Friday,8,0,0
2024-08-09,9,1,23.02,Friday,8,0,0
2024-08-09,10,2,25.47,Friday,8,0,0
2024-08-09,11,2,27.92,Friday,8,0,0
2024-08-09,18,1,23.02,Friday,8,0,0
2024-08-09,19,1,32.82,Friday,8,0,0
2024-08-10,8,3,27.92,Saturday,8,1,2
2024-08-10,11,2,23.02,Saturday,8,0,2
2024-08-10,12,2,30.37,Saturday,8,0,2
2024-08-10,16,1,32.82,Saturday,8,0,2
2024-08-10,21,3,32.82,Saturday,8,1,2
2024-08-11,9,2,32.82,Sunday,8,0,3
2024-08-11,10,1,27.92,Sunday,8,0,3
2024-08-11,11,2,30.37,Sunday,8,0,3
2024-08-11,12,1,23.02,Sunday,8,0,3
2024-08-11,15,3,31.186666666666667,Sunday,8,1,3
2024-08-11,16,2,25.47,Sunday,8,0,3
2024-08-11,21,3,29.55333333333333,Sunday,8,1,3
2024-08-11,22,1,32.82,Sunday,8,0,3
2024-08-12,8,1,32.82,Monday,8,0,1
2024-08-12,11,4,29.145000000000003,Monday,8,1,1
2024-08-12,14,2,23.020000000000003,Monday,8,0,1
2024-08-12,15,1,27.92,Monday,8,0,1
2024-08-12,18,1,27.92,Monday,8,0,1
2024-08-12,21,2,30.37,Monday,8,0,1
2024-08-12,22,2,32.82,Monday,8,0,1
2024-08-13,8,1,27.92,Tuesday,8,0,5
2024-08-13,9,2,27.92,Tuesday,8,0,5
2024-08-13,10,1,23.02,Tuesday,8,0,5
2024-08-13,11,1,32.82,Tuesday,8,0,5
2024-08-13,13,1,27.92,Tuesday,8,0,5
2024-08-13,14,1,32.82,Tuesday,8,0,5
2024-08-13,15,2,30.37,Tuesday,8,0,5
2024-08-13,20,3,32.82,Tuesday,8,1,5
2024-08-13,21,1,23.02,Tuesday,8,0,5
2024-08-14,7,2,32.82,Wednesday,8,0,6
2024-08-14,10,1,23.02,Wednesday,8,0,6
2024-08-14,11,1,18.12,Wednesday,8,0,6
2024-08-14,12,2,23.02,Wednesday,8,0,6
2024-08-14,15,1,32.82,Wednesday,8,0,6
2024-08-14,17,1,23.02,Wednesday,8,0,6
2024-08-14,18,2,25.47,Wednesday,8,0,6
2024-08-14,19,2,27.92,Wednesday,8,0,6
2024-08-14,21,1,32.82,Wednesday,8,0,6
2024-08-15,9,4,30.369999999999997,Thursday,8,1,4
2024-08-15,12,1,32.82,Thursday,8,0,4
2024-08-15,13,1,32.82,Thursday,8,0,4
2024-08-15,14,2,20.57,Thursday,8,0,4
2024-08-15,17,1,27.92,Thursday,8,0,4
2024-08-15,19,4,27.92,Thursday,8,1,4
2024-08-15,20,1,32.82,Thursday,8,0,4
2024-08-15,21,2,23.020000000000003,Thursday,8,0,4
2024-08-16,12,2,27.92,Friday,8,0,0
2024-08-16,13,1,27.92,Friday,8,0,0
2024-08-16,15,2,18.12,Friday,8,0,0
2024-08-17,9,2,30.37,Saturday,8,0,2
2024-08-17,10,1,27.92,Saturday,8,0,2
2024-08-17,11,2,23.02,Saturday,8,0,2
2024-08-17,13,1,27.92,Saturday,8,0,2
2024-08-17,16,2,27.92,Saturday,8,0,2
2024-08-17,18,1,32.82,Saturday,8,0,2
2024-08-17,21,1,27.92,Saturday,8,0,2
2024-08-17,22,1,32.82,Saturday,8,0,2
2024-08-18,8,4,29.145,Sunday,8,1,3
2024-08-18,12,1,32.82,Sunday,8,0,3
2024-08-18,14,1,27.92,Sunday,8,0,3
2024-08-18,18,4,25.47,Sunday,8,1,3
2024-08-19,15,2,27.92,Monday,8,0,1
2024-08-19,21,2,32.82,Monday,8,0,1
2024-08-20,8,4,24.244999999999997,Tuesday,8,1,5
2024-08-20,9,1,27.92,Tuesday,8,0,5
2024-08-20,11,4,25.47,Tuesday,8,1,5
2024-08-20,20,4,32.82,Tuesday,8,1,5
2024-08-21,7,1,27.92,Wednesday,8,0,6
2024-08-21,8,1,23.02,Wednesday,8,0,6
2024-08-21,10,2,25.47,Wednesday,8,0,6
2024-08-21,11,1,23.02,Wednesday,8,0,6
2024-08-21,13,1,32.82,Wednesday,8,0,6
2024-08-21,19,1,32.82,Wednesday,8,0,6
2024-08-22,9,1,23.02,Thursday,8,0,4
2024-08-22,10,2,27.92,Thursday,8,0,4
2024-08-22,14,2,32.82,Thursday,8,0,4
2024-08-22,15,2,27.92,Thursday,8,0,4
2024-08-23,7,1,32.82,Friday,8,0,0
2024-08-23,8,4,25.47,Friday,8,1,0
2024-08-23,9,1,27.92,Friday,8,0,0
2024-08-23,10,3,26.286666666666665,Friday,8,1,0
2024-08-23,11,1,32.82,Friday,8,0,0
2024-08-23,13,1,23.02,Friday,8,0,0
2024-08-23,15,1,23.02,Friday,8,0,0
2024-08-23,19,1,32.82,Friday,8,0,0
2024-08-24,8,3,23.02,Saturday,8,1,2
2024-08-24,10,3,19.753333333333334,Saturday,8,1,2
2024-08-25,8,3,23.02,Sunday,8,1,3
2024-08-25,9,1,32.82,Sunday,8,0,3
2024-08-25,12,1,32.82,Sunday,8,0,3
2024-08-25,14,1,32.82,Sunday,8,0,3
2024-08-26,8,3,23.02,Monday,8,1,1
2024-08-26,9,1,27.92,Monday,8,0,1
2024-08-26,10,2,32.82,Monday,8,0,1
2024-08-26,12,2,23.02,Monday,8,0,1
2024-08-26,18,2,30.37,Monday,8,0,1
2024-08-26,22,1,27.92,Monday,8,0,1
2024-08-27,10,1,32.82,Tuesday,8,0,5
2024-08-28,12,3,27.92,Wednesday,8,1,6
2024-08-28,13,1,27.92,Wednesday,8,0,6
2024-08-29,7,1,23.02,Thursday,8,0,4
2024-08-30,17,3,29.55333333333333,Friday,8,1,0
2024-08-31,9,1,23.02,Saturday,8,0,2
2024-08-31,10,2,23.020000000000003,Saturday,8,0,2
2024-08-31,11,3,24.653333333333336,Saturday,8,1,2
2024-09-01,9,1,23.02,Sunday,9,0,3
2024-09-01,12,4,27.92,Sunday,9,1,3
2024-09-01,13,1,32.82,Sunday,9,0,3
2024-09-01,14,1,27.92,Sunday,9,0,3
2024-09-01,17,3,32.82,Sunday,9,1,3
2024-09-02,8,3,31.186666666666667,Monday,9,1,1
2024-09-02,14,1,27.92,Monday,9,0,1
2024-09-02,20,4,27.92,Monday,9,1,1
2024-09-03,8,3,32.82,Tuesday,9,1,5
2024-09-03,9,8,30.9825,Tuesday,9,1,5
2024-09-03,12,1,23.02,Tuesday,9,0,5
2024-09-03,14,2,27.92,Tuesday,9,0,5
2024-09-03,18,1,27.92,Tuesday,9,0,5
2024-09-03,19,2,30.37,Tuesday,9,0,5
2024-09-04,11,4,27.92,Wednesday,9,1,6
2024-09-04,12,1,32.82,Wednesday,9,0,6
2024-09-04,13,2,30.37,Wednesday,9,0,6
2024-09-04,18,1,32.82,Wednesday,9,0,6
2024-09-04,19,1,27.92,Wednesday,9,0,6
2024-09-04,21,1,32.82,Wednesday,9,0,6
2024-09-05,9,1,27.92,Thursday,9,0,4
2024-09-05,10,1,27.92,Thursday,9,0,4
2024-09-05,11,1,23.02,Thursday,9,0,4
2024-09-05,14,1,32.82,Thursday,9,0,4
2024-09-05,15,1,32.82,Thursday,9,0,4
2024-09-05,16,2,25.47,Thursday,9,0,4
2024-09-05,17,2,32.82,Thursday,9,0,4
2024-09-05,20,3,29.55333333333333,Thursday,9,1,4
2024-09-05,21,2,27.92,Thursday,9,0,4
2024-09-06,8,3,29.55333333333333,Friday,9,1,0
2024-09-06,9,2,25.47,Friday,9,0,0
2024-09-06,10,1,32.82,Friday,9,0,0
2024-09-06,11,2,18.12,Friday,9,0,0
2024-09-06,20,1,32.82,Friday,9,0,0
2024-09-06,21,1,32.82,Friday,9,0,0
2024-09-07,8,1,32.82,Saturday,9,0,2
2024-09-07,9,5,24.98,Saturday,9,1,2
2024-09-07,10,5,23.02,Saturday,9,1,2
2024-09-07,11,3,23.02,Saturday,9,1,2
2024-09-07,15,1,32.82,Saturday,9,0,2
2024-09-07,16,2,20.57,Saturday,9,0,2
2024-09-07,19,3,32.82,Saturday,9,1,2
2024-09-07,20,2,32.82,Saturday,9,0,2
2024-09-08,8,1,23.02,Sunday,9,0,3
2024-09-08,9,2,23.02,Sunday,9,0,3
2024-09-08,10,1,23.02,Sunday,9,0,3
2024-09-08,12,1,23.02,Sunday,9,0,3
2024-09-08,20,1,23.02,Sunday,9,0,3
2024-09-09,7,4,31.595,Monday,9,1,1
2024-09-09,9,3,32.82,Monday,9,1,1
2024-09-09,11,3,29.55333333333333,Monday,9,1,1
2024-09-09,12,1,18.12,Monday,9,0,1
2024-09-09,15,2,27.92,Monday,9,0,1
2024-09-09,17,1,32.82,Monday,9,0,1
2024-09-09,18,1,32.82,Monday,9,0,1
2024-09-09,20,2,32.82,Monday,9,0,1
2024-09-10,8,1,32.82,Tuesday,9,0,5
2024-09-10,9,1,32.82,Tuesday,9,0,5
2024-09-10,15,2,23.02,Tuesday,9,0,5
2024-09-10,18,2,30.37,Tuesday,9,0,5
2024-09-10,19,2,32.82,Tuesday,9,0,5
2024-09-10,21,2,25.47,Tuesday,9,0,5
2024-09-11,8,1,32.82,Wednesday,9,0,6
2024-09-11,9,1,27.92,Wednesday,9,0,6
2024-09-11,10,1,32.82,Wednesday,9,0,6
2024-09-11,19,1,32.82,Wednesday,9,0,6
2024-09-11,20,3,31.186666666666667,Wednesday,9,1,6
2024-09-11,21,1,23.02,Wednesday,9,0,6
2024-09-12,10,2,23.020000000000003,Thursday,9,0,4
2024-09-12,11,1,27.92,Thursday,9,0,4
2024-09-12,12,5,24.98,Thursday,9,1,4
2024-09-12,17,1,32.82,Thursday,9,0,4
2024-09-12,21,3,26.286666666666665,Thursday,9,1,4
2024-09-13,7,1,32.82,Friday,9,0,0
2024-09-13,8,2,32.82,Friday,9,0,0
2024-09-13,9,1,32.82,Friday,9,0,0
2024-09-13,15,2,27.92,Friday,9,0,0
2024-09-14,16,2,32.82,Saturday,9,0,2
2024-09-15,8,1,18.12,Sunday,9,0,3
2024-09-15,9,1,27.92,Sunday,9,0,3
2024-09-15,13,1,23.02,Sunday,9,0,3
2024-09-15,14,3,26.286666666666665,Sunday,9,1,3
2024-09-16,13,2,30.37,Monday,9,0,1
2024-09-16,15,1,32.82,Monday,9,0,1
2024-09-16,17,2,30.37,Monday,9,0,1
2024-09-16,18,2,32.82,Monday,9,0,1
2024-09-16,21,4,29.145000000000003,Monday,9,1,1
2024-09-17,7,1,23.02,Tuesday,9,0,5
2024-09-17,8,3,27.92,Tuesday,9,1,5
2024-09-17,9,3,29.55333333333333,Tuesday,9,1,5
2024-09-17,12,3,26.286666666666665,Tuesday,9,1,5
2024-09-17,13,2,25.47,Tuesday,9,0,5
2024-09-17,16,2,32.82,Tuesday,9,0,5
2024-09-17,18,1,32.82,Tuesday,9,0,5
2024-09-17,19,6,28.736666666666668,Tuesday,9,1,5
2024-09-17,22,2,32.82,Tuesday,9,0,5
2024-09-18,14,1,32.82,Wednesday,9,0,6
2024-09-18,17,1,32.82,Wednesday,9,0,6
2024-09-18,21,2,27.92,Wednesday,9,0,6
2024-09-19,8,2,25.47,Thursday,9,0,4
2024-09-19,10,1,32.82,Thursday,9,0,4
2024-09-19,12,1,23.02,Thursday,9,0,4
2024-09-19,13,2,25.47,Thursday,9,0,4
2024-09-20,8,1,27.92,Friday,9,0,0
2024-09-20,9,1,27.92,Friday,9,0,0
2024-09-20,13,1,27.92,Friday,9,0,0
2024-09-20,16,1,32.82,Friday,9,0,0
2024-09-20,20,1,23.02,Friday,9,0,0
2024-09-20,21,2,27.92,Friday,9,0,0
2024-09-21,11,4,27.92,Saturday,9,1,2
2024-09-21,15,2,32.82,Saturday,9,0,2
2024-09-21,18,2,32.82,Saturday,9,0,2
2024-09-21,20,4,27.92,Saturday,9,1,2
2024-09-21,22,3,24.653333333333336,Saturday,9,1,2
2024-09-22,8,1,23.02,Sunday,9,0,3
2024-09-22,10,2,30.37,Sunday,9,0,3
2024-09-22,11,4,24.245,Sunday,9,1,3
2024-09-22,12,1,27.92,Sunday,9,0,3
2024-09-22,13,3,27.92,Sunday,9,1,3
2024-09-22,15,2,30.37,Sunday,9,0,3
2024-09-22,16,1,32.82,Sunday,9,0,3
2024-09-22,20,4,30.37,Sunday,9,1,3
2024-09-22,21,4,30.37,Sunday,9,1,3
2024-09-22,22,2,25.47,Sunday,9,0,3
2024-09-23,9,1,27.92,Monday,9,0,1
2024-09-23,10,1,23.02,Monday,9,0,1
2024-09-23,12,1,23.02,Monday,9,0,1
2024-09-23,14,1,27.92,Monday,9,0,1
2024-09-23,17,1,32.82,Monday,9,0,1
2024-09-23,18,1,23.02,Monday,9,0,1
2024-09-23,19,1,32.82,Monday,9,0,1
2024-09-23,20,1,32.82,Monday,9,0,1
2024-09-23,22,2,27.92,Monday,9,0,1
2024-09-24,8,1,27.92,Tuesday,9,0,5
2024-09-24,12,4,32.82,Tuesday,9,1,5
2024-09-24,14,2,27.92,Tuesday,9,0,5
2024-09-24,15,1,32.82,Tuesday,9,0,5
2024-09-24,16,1,32.82,Tuesday,9,0,5
2024-09-24,18,2,23.02,Tuesday,9,0,5
2024-09-24,20,1,32.82,Tuesday,9,0,5
2024-09-24,21,3,29.55333333333333,Tuesday,9,1,5
2024-09-25,7,1,32.82,Wednesday,9,0,6
2024-09-25,11,3,27.92,Wednesday,9,1,6
2024-09-25,13,2,27.92,Wednesday,9,0,6
2024-09-25,17,2,27.92,Wednesday,9,0,6
2024-09-25,21,1,23.02,Wednesday,9,0,6
2024-09-25,22,1,27.92,Wednesday,9,0,6
2024-09-26,8,1,32.82,Thursday,9,0,4
2024-09-26,10,2,23.020000000000003,Thursday,9,0,4
2024-09-26,11,1,32.82,Thursday,9,0,4
2024-09-26,12,1,32.82,Thursday,9,0,4
2024-09-26,18,1,32.82,Thursday,9,0,4
2024-09-26,22,3,27.92,Thursday,9,1,4
2024-09-27,9,3,27.92,Friday,9,1,0
2024-09-27,10,1,27.92,Friday,9,0,0
2024-09-27,11,1,27.92,Friday,9,0,0
2024-09-27,13,4,29.145,Friday,9,1,0
2024-09-27,18,4,32.82,Friday,9,1,0
2024-09-27,20,3,31.186666666666667,Friday,9,1,0
2024-09-28,8,1,27.92,Saturday,9,0,2
2024-09-28,9,1,27.92,Saturday,9,0,2
2024-09-28,14,1,35.76,Saturday,9,0,2
2024-09-28,16,1,35.76,Saturday,9,0,2
2024-09-28,17,1,30.86,Saturday,9,0,2
2024-09-28,20,2,35.76,Saturday,9,0,2
2024-09-28,22,4,33.31,Saturday,9,1,2
2024-09-29,10,5,32.82,Sunday,9,1,3
2024-09-29,12,4,33.31,Sunday,9,1,3
2024-09-29,18,1,35.76,Sunday,9,0,3
2024-09-29,22,1,35.76,Sunday,9,0,3
2024-09-30,8,2,25.96,Monday,9,0,1
2024-09-30,9,1,35.76,Monday,9,0,1
2024-09-30,10,2,28.41,Monday,9,0,1
2024-09-30,11,1,30.86,Monday,9,0,1
2024-09-30,16,1,30.86,Monday,9,0,1
2024-09-30,19,4,32.085,Monday,9,1,1
2024-09-30,20,2,30.86,Monday,9,0,1
2024-09-30,21,1,30.86,Monday,9,0,1
2024-10-01,7,1,35.76,Tuesday,10,0,5
2024-10-01,9,1,30.86,Tuesday,10,0,5
2024-10-01,10,2,30.86,Tuesday,10,0,5
2024-10-01,11,1,30.86,Tuesday,10,0,5
2024-10-01,12,2,30.86,Tuesday,10,0,5
2024-10-01,14,2,28.41,Tuesday,10,0,5
2024-10-01,16,2,30.86,Tuesday,10,0,5
2024-10-01,18,3,35.76,Tuesday,10,1,5
2024-10-01,20,1,35.76,Tuesday,10,0,5
2024-10-02,7,1,35.76,Wednesday,10,0,6
2024-10-02,8,1,25.96,Wednesday,10,0,6
2024-10-02,9,1,30.86,Wednesday,10,0,6
2024-10-02,10,2,33.31,Wednesday,10,0,6
2024-10-02,11,1,35.76,Wednesday,10,0,6
2024-10-02,15,1,35.76,Wednesday,10,0,6
2024-10-02,18,1,35.76,Wednesday,10,0,6
2024-10-02,22,3,35.76,Wednesday,10,1,6
2024-10-03,13,1,35.76,Thursday,10,0,4
2024-10-03,15,1,30.86,Thursday,10,0,4
2024-10-03,20,2,30.86,Thursday,10,0,4
2024-10-03,21,4,35.76,Thursday,10,1,4
2024-10-04,8,2,25.96,Friday,10,0,0
2024-10-04,9,4,27.185000000000002,Friday,10,1,0
2024-10-04,17,3,35.76,Friday,10,1,0
2024-10-05,9,3,29.22666666666667,Saturday,10,1,2
2024-10-05,13,1,35.76,Saturday,10,0,2
2024-10-05,20,2,25.96,Saturday,10,0,2
2024-10-06,8,1,25.96,Sunday,10,0,3
2024-10-06,10,2,30.86,Sunday,10,0,3
2024-10-06,11,1,35.76,Sunday,10,0,3
2024-10-06,12,3,34.126666666666665,Sunday,10,1,3
2024-10-06,13,5,32.82,Sunday,10,1,3
2024-10-06,16,2,28.409999999999997,Sunday,10,0,3
2024-10-06,18,2,33.31,Sunday,10,0,3
2024-10-06,21,4,35.76,Sunday,10,1,3
2024-10-07,8,3,34.126666666666665,Monday,10,1,1
2024-10-07,9,2,35.76,Monday,10,0,1
2024-10-07,12,1,30.86,Monday,10,0,1
2024-10-07,14,2,25.96,Monday,10,0,1
2024-10-07,17,1,35.76,Monday,10,0,1
2024-10-07,21,3,35.76,Monday,10,1,1
2024-10-08,8,1,35.76,Tuesday,10,0,5
2024-10-08,9,1,30.86,Tuesday,10,0,5
2024-10-08,10,2,30.86,Tuesday,10,0,5
2024-10-08,11,1,35.76,Tuesday,10,0,5
2024-10-08,12,2,25.96,Tuesday,10,0,5
2024-10-08,13,2,35.76,Tuesday,10,0,5
2024-10-08,14,1,35.76,Tuesday,10,0,5
2024-10-08,15,3,30.86,Tuesday,10,1,5
2024-10-08,20,3,35.76,Tuesday,10,1,5
2024-10-08,21,2,30.86,Tuesday,10,0,5
2024-10-09,7,1,35.76,Wednesday,10,0,6
2024-10-09,8,1,30.86,Wednesday,10,0,6
2024-10-09,9,2,33.31,Wednesday,10,0,6
2024-10-09,10,1,21.06,Wednesday,10,0,6
2024-10-09,11,1,25.96,Wednesday,10,0,6
2024-10-09,13,2,33.31,Wednesday,10,0,6
2024-10-09,17,3,27.593333333333334,Wednesday,10,1,6
2024-10-09,20,1,35.76,Wednesday,10,0,6
2024-10-10,8,1,25.96,Thursday,10,0,4
2024-10-10,9,2,33.31,Thursday,10,0,4
2024-10-10,10,4,30.86,Thursday,10,1,4
2024-10-10,11,1,35.76,Thursday,10,0,4
2024-10-10,15,1,35.76,Thursday,10,0,4
2024-10-10,17,1,35.76,Thursday,10,0,4
2024-10-10,18,3,30.86,Thursday,10,1,4
2024-10-10,22,2,35.76,Thursday,10,0,4
2024-10-11,7,1,30.86,Friday,10,0,0
2024-10-11,8,7,33.660000000000004,Friday,10,1,0
2024-10-11,9,2,28.41,Friday,10,0,0
2024-10-11,10,3,27.593333333333334,Friday,10,1,0
2024-10-11,13,3,29.22666666666667,Friday,10,1,0
2024-10-11,14,3,32.49333333333333,Friday,10,1,0
2024-10-11,17,3,35.76,Friday,10,1,0
2024-10-11,21,2,33.31,Friday,10,0,0
2024-10-11,22,2,35.76,Friday,10,0,0
2024-10-12,8,1,25.96,Saturday,10,0,2
2024-10-12,10,2,25.96,Saturday,10,0,2
2024-10-12,11,2,33.31,Saturday,10,0,2
2024-10-12,13,1,35.76,Saturday,10,0,2
2024-10-12,20,1,35.76,Saturday,10,0,2
2024-10-13,9,1,25.96,Sunday,10,0,3
2024-10-13,12,1,30.86,Sunday,10,0,3
2024-10-13,13,3,24.326666666666668,Sunday,10,1,3
2024-10-13,17,2,35.76,Sunday,10,0,3
2024-10-13,18,1,35.76,Sunday,10,0,3
2024-10-13,20,1,35.76,Sunday,10,0,3
2024-10-14,8,1,30.86,Monday,10,0,1
2024-10-14,9,1,35.76,Monday,10,0,1
2024-10-14,10,3,32.49333333333333,Monday,10,1,1
2024-10-14,11,3,29.22666666666667,Monday,10,1,1
2024-10-14,14,2,35.76,Monday,10,0,1
2024-10-14,16,1,25.96,Monday,10,0,1
2024-10-14,18,2,35.76,Monday,10,0,1
2024-10-14,22,3,35.76,Monday,10,1,1
2024-10-15,8,2,23.509999999999998,Tuesday,10,0,5
2024-10-15,11,3,35.76,Tuesday,10,1,5
2024-10-15,13,2,33.31,Tuesday,10,0,5
2024-10-15,15,3,27.593333333333334,Tuesday,10,1,5
2024-10-15,17,1,35.76,Tuesday,10,0,5
2024-10-15,19,2,30.86,Tuesday,10,0,5
2024-10-15,20,2,35.76,Tuesday,10,0,5
2024-10-15,21,2,35.76,Tuesday,10,0,5
2024-10-15,22,1,35.76,Tuesday,10,0,5
2024-10-16,8,2,33.31,Wednesday,10,0,6
2024-10-16,9,1,35.76,Wednesday,10,0,6
2024-10-16,10,3,30.86,Wednesday,10,1,6
2024-10-16,11,1,25.96,Wednesday,10,0,6
2024-10-16,12,1,30.86,Wednesday,10,0,6
2024-10-16,13,1,25.96,Wednesday,10,0,6
2024-10-16,16,1,35.76,Wednesday,10,0,6
2024-10-16,17,1,30.86,Wednesday,10,0,6
2024-10-16,19,2,30.86,Wednesday,10,0,6
2024-10-16,21,1,35.76,Wednesday,10,0,6
2024-10-17,7,2,35.76,Thursday,10,0,4
2024-10-17,9,1,30.86,Thursday,10,0,4
2024-10-17,10,2,35.76,Thursday,10,0,4
2024-10-17,11,1,30.86,Thursday,10,0,4
2024-10-17,13,1,35.76,Thursday,10,0,4
2024-10-17,14,1,25.96,Thursday,10,0,4
2024-10-17,16,5,35.76,Thursday,10,1,4
2024-10-17,17,2,35.76,Thursday,10,0,4
2024-10-17,19,1,35.76,Thursday,10,0,4
2024-10-17,20,1,30.86,Thursday,10,0,4
2024-10-17,21,4,35.76,Thursday,10,1,4
2024-10-18,8,2,35.76,Friday,10,0,0
2024-10-18,9,3,35.76,Friday,10,1,0
2024-10-18,11,1,35.76,Friday,10,0,0
2024-10-18,14,2,35.76,Friday,10,0,0
2024-10-18,15,1,25.96,Friday,10,0,0
2024-10-18,16,1,35.76,Friday,10,0,0
2024-10-18,17,1,35.76,Friday,10,0,0
2024-10-18,21,3,34.126666666666665,Friday,10,1,0
2024-10-18,22,1,35.76,Friday,10,0,0
2024-10-19,8,1,30.86,Saturday,10,0,2
2024-10-19,13,1,35.76,Saturday,10,0,2
2024-10-19,14,1,35.76,Saturday,10,0,2
2024-10-19,15,2,35.76,Saturday,10,0,2
2024-10-19,16,2,35.76,Saturday,10,0,2
2024-10-19,21,1,35.76,Saturday,10,0,2
2024-10-19,22,1,35.76,Saturday,10,0,2
2024-10-20,8,2,35.76,Sunday,10,0,3
2024-10-20,11,1,35.76,Sunday,10,0,3
2024-10-20,14,2,30.86,Sunday,10,0,3
2024-10-20,15,1,30.86,Sunday,10,0,3
2024-10-20,16,2,35.76,Sunday,10,0,3
2024-10-20,17,1,35.76,Sunday,10,0,3
2024-10-20,18,2,35.76,Sunday,10,0,3
2024-10-20,21,4,33.31,Sunday,10,1,3
2024-10-20,22,1,35.76,Sunday,10,0,3
2024-10-21,7,1,35.76,Monday,10,0,1
2024-10-21,8,1,35.76,Monday,10,0,1
2024-10-21,9,2,33.31,Monday,10,0,1
2024-10-21,10,3,25.959999999999997,Monday,10,1,1
2024-10-21,11,1,21.06,Monday,10,0,1
2024-10-21,12,1,35.76,Monday,10,0,1
2024-10-21,14,2,35.76,Monday,10,0,1
2024-10-21,15,2,28.41,Monday,10,0,1
2024-10-21,16,2,35.76,Monday,10,0,1
2024-10-21,19,1,35.76,Monday,10,0,1
2024-10-21,21,1,35.76,Monday,10,0,1
2024-10-21,22,2,35.76,Monday,10,0,1
2024-10-22,7,2,35.76,Tuesday,10,0,5
2024-10-22,8,1,30.86,Tuesday,10,0,5
2024-10-22,9,1,25.96,Tuesday,10,0,5
2024-10-22,10,2,23.509999999999998,Tuesday,10,0,5
2024-10-22,18,1,25.96,Tuesday,10,0,5
2024-10-22,19,2,35.76,Tuesday,10,0,5
2024-10-23,7,1,35.76,Wednesday,10,0,6
2024-10-23,8,1,30.86,Wednesday,10,0,6
2024-10-23,10,1,25.96,Wednesday,10,0,6
2024-10-23,12,1,30.86,Wednesday,10,0,6
2024-10-23,16,3,32.49333333333333,Wednesday,10,1,6
2024-10-23,17,1,21.06,Wednesday,10,0,6
2024-10-23,18,1,35.76,Wednesday,10,0,6
2024-10-23,19,1,35.76,Wednesday,10,0,6
2024-10-23,21,2,33.31,Wednesday,10,0,6
2024-10-23,22,1,35.76,Wednesday,10,0,6
2024-10-24,12,1,25.96,Thursday,10,0,4
2024-10-24,13,1,35.76,Thursday,10,0,4
2024-10-24,14,3,35.76,Thursday,10,1,4
2024-10-24,15,2,35.76,Thursday,10,0,4
2024-10-24,18,2,25.96,Thursday,10,0,4
2024-10-24,19,1,35.76,Thursday,10,0,4
2024-10-24,20,1,25.96,Thursday,10,0,4
2024-10-24,21,4,35.76,Thursday,10,1,4
2024-10-25,7,2,28.409999999999997,Friday,10,0,0
2024-10-25,8,3,35.76,Friday,10,1,0
2024-10-25,10,3,27.593333333333334,Friday,10,1,0
2024-10-25,11,2,35.76,Friday,10,0,0
2024-10-25,12,2,30.86,Friday,10,0,0
2024-10-25,14,1,35.76,Friday,10,0,0
2024-10-25,22,2,28.409999999999997,Friday,10,0,0
2024-10-26,7,1,35.76,Saturday,10,0,2
2024-10-26,8,2,30.86,Saturday,10,0,2
2024-10-26,10,1,25.96,Saturday,10,0,2
2024-10-26,12,1,35.76,Saturday,10,0,2
2024-10-26,13,1,35.76,Saturday,10,0,2
2024-10-26,14,2,33.31,Saturday,10,0,2
2024-10-26,15,6,30.86,Saturday,10,1,2
2024-10-26,19,1,35.76,Saturday,10,0,2
2024-10-26,20,1,30.86,Saturday,10,0,2
2024-10-27,11,1,30.86,Sunday,10,0,3
2024-10-27,12,2,33.31,Sunday,10,0,3
2024-10-27,13,1,35.76,Sunday,10,0,3
2024-10-27,16,1,35.76,Sunday,10,0,3
2024-10-28,7,1,35.76,Monday,10,0,1
2024-10-28,8,2,30.86,Monday,10,0,1
2024-10-28,9,1,30.86,Monday,10,0,1
2024-10-28,11,2,35.76,Monday,10,0,1
2024-10-28,12,3,34.126666666666665,Monday,10,1,1
2024-10-28,14,3,30.86,Monday,10,1,1
2024-10-28,16,1,35.76,Monday,10,0,1
2024-10-28,17,2,35.76,Monday,10,0,1
2024-10-28,19,1,35.76,Monday,10,0,1
2024-10-28,21,1,30.86,Monday,10,0,1
2024-10-28,22,1,30.86,Monday,10,0,1
2024-10-29,8,2,35.76,Tuesday,10,0,5
2024-10-29,9,1,35.76,Tuesday,10,0,5
2024-10-29,11,1,30.86,Tuesday,10,0,5
2024-10-29,12,1,21.06,Tuesday,10,0,5
2024-10-29,14,3,29.22666666666667,Tuesday,10,1,5
2024-10-29,16,3,35.76,Tuesday,10,1,5
2024-10-29,18,2,30.86,Tuesday,10,0,5
2024-10-29,19,4,34.535,Tuesday,10,1,5
2024-10-29,20,1,35.76,Tuesday,10,0,5
2024-10-30,7,1,35.76,Wednesday,10,0,6
2024-10-30,8,2,30.86,Wednesday,10,0,6
2024-10-30,9,1,35.76,Wednesday,10,0,6
2024-10-30,10,2,35.76,Wednesday,10,0,6
2024-10-30,12,4,29.634999999999998,Wednesday,10,1,6
2024-10-30,15,2,35.76,Wednesday,10,0,6
2024-10-30,16,1,30.86,Wednesday,10,0,6
2024-10-30,18,1,35.76,Wednesday,10,0,6
2024-10-30,19,2,30.86,Wednesday,10,0,6
2024-10-31,7,1,35.76,Thursday,10,0,4
2024-10-31,8,1,35.76,Thursday,10,0,4
2024-10-31,9,1,30.86,Thursday,10,0,4
2024-10-31,15,1,35.76,Thursday,10,0,4
2024-10-31,16,1,30.86,Thursday,10,0,4
2024-11-01,8,2,30.86,Friday,11,0,0
2024-11-01,10,1,35.76,Friday,11,0,0
2024-11-01,12,2,35.76,Friday,11,0,0
2024-11-01,15,1,25.96,Friday,11,0,0
2024-11-01,22,1,30.86,Friday,11,0,0
2024-11-02,8,1,25.96,Saturday,11,0,2
2024-11-02,10,2,33.31,Saturday,11,0,2
2024-11-02,14,1,30.86,Saturday,11,0,2
2024-11-02,16,3,35.76,Saturday,11,1,2
2024-11-02,18,2,28.41,Saturday,11,0,2
2024-11-03,8,1,25.96,Sunday,11,0,3
2024-11-03,9,2,30.86,Sunday,11,0,3
2024-11-03,13,5,31.839999999999996,Sunday,11,1,3
2024-11-03,16,4,30.86,Sunday,11,1,3
2024-11-03,20,1,35.76,Sunday,11,0,3
2024-11-04,7,1,35.76,Monday,11,0,1
2024-11-04,8,2,33.31,Monday,11,0,1
2024-11-04,12,2,28.41,Monday,11,0,1
2024-11-04,14,2,35.76,Monday,11,0,1
2024-11-05,7,1,35.76,Tuesday,11,0,5
2024-11-05,9,3,32.49333333333333,Tuesday,11,1,5
2024-11-05,10,1,30.86,Tuesday,11,0,5
2024-11-05,11,2,35.76,Tuesday,11,0,5
2024-11-05,14,2,35.76,Tuesday,11,0,5
2024-11-05,18,3,35.76,Tuesday,11,1,5
2024-11-05,21,3,35.76,Tuesday,11,1,5
2024-11-05,22,2,33.31,Tuesday,11,0,5
2024-11-06,8,1,35.76,Wednesday,11,0,6
2024-11-06,11,1,21.06,Wednesday,11,0,6
2024-11-06,13,1,25.96,Wednesday,11,0,6
2024-11-06,15,1,35.76,Wednesday,11,0,6
2024-11-06,16,2,35.76,Wednesday,11,0,6
2024-11-06,18,2,35.76,Wednesday,11,0,6
2024-11-07,12,1,35.76,Thursday,11,0,4
2024-11-07,15,1,25.96,Thursday,11,0,4
2024-11-07,16,1,25.96,Thursday,11,0,4
2024-11-07,18,1,35.76,Thursday,11,0,4
2024-11-07,19,2,35.76,Thursday,11,0,4
2024-11-07,20,1,35.76,Thursday,11,0,4
2024-11-08,9,3,27.593333333333334,Friday,11,1,0
2024-11-08,11,1,35.76,Friday,11,0,0
2024-11-08,13,2,35.76,Friday,11,0,0
2024-11-08,16,2,30.86,Friday,11,0,0
2024-11-08,20,3,35.76,Friday,11,1,0
2024-11-08,22,1,35.76,Friday,11,0,0
2024-11-09,10,1,30.86,Saturday,11,0,2
2024-11-09,11,3,29.22666666666667,Saturday,11,1,2
2024-11-09,13,2,35.76,Saturday,11,0,2
2024-11-09,14,3,32.49333333333333,Saturday,11,1,2
2024-11-09,15,1,30.86,Saturday,11,0,2
2024-11-09,16,2,35.76,Saturday,11,0,2
2024-11-09,20,2,30.86,Saturday,11,0,2
2024-11-09,22,3,29.22666666666667,Saturday,11,1,2
2024-11-10,9,1,25.96,Sunday,11,0,3
2024-11-10,17,1,35.76,Sunday,11,0,3
2024-11-10,18,2,35.76,Sunday,11,0,3
2024-11-10,20,2,35.76,Sunday,11,0,3
2024-11-11,7,1,35.76,Monday,11,0,1
2024-11-11,9,1,30.86,Monday,11,0,1
2024-11-11,10,1,25.96,Monday,11,0,1
2024-11-11,16,2,35.76,Monday,11,0,1
2024-11-11,17,1,35.76,Monday,11,0,1
2024-11-11,19,2,35.76,Monday,11,0,1
2024-11-11,21,2,35.76,Monday,11,0,1
2024-11-12,10,1,35.76,Tuesday,11,0,5
2024-11-12,13,1,35.76,Tuesday,11,0,5
2024-11-12,14,1,35.76,Tuesday,11,0,5
2024-11-12,16,3,35.76,Tuesday,11,1,5
2024-11-12,18,1,35.76,Tuesday,11,0,5
2024-11-12,20,2,35.76,Tuesday,11,0,5
2024-11-13,8,1,30.86,Wednesday,11,0,6
2024-11-13,10,1,35.76,Wednesday,11,0,6
2024-11-13,13,2,30.86,Wednesday,11,0,6
2024-11-13,14,2,33.31,Wednesday,11,0,6
2024-11-14,9,1,35.76,Thursday,11,0,4
2024-11-14,10,1,25.96,Thursday,11,0,4
2024-11-14,12,1,21.06,Thursday,11,0,4
2024-11-14,15,3,35.76,Thursday,11,1,4
2024-11-14,16,2,33.31,Thursday,11,0,4
2024-11-14,19,2,35.76,Thursday,11,0,4
2024-11-14,20,2,35.76,Thursday,11,0,4
2024-11-14,21,1,35.76,Thursday,11,0,4
2024-11-14,22,1,35.76,Thursday,11,0,4
2024-11-15,8,1,30.86,Friday,11,0,0
2024-11-15,11,1,30.86,Friday,11,0,0
2024-11-15,12,2,35.76,Friday,11,0,0
2024-11-15,13,1,35.76,Friday,11,0,0
2024-11-15,15,1,25.96,Friday,11,0,0
2024-11-15,17,2,33.31,Friday,11,0,0
2024-11-15,18,3,32.49333333333333,Friday,11,1,0
2024-11-16,10,2,25.96,Saturday,11,0,2
2024-11-16,11,3,32.49333333333333,Saturday,11,1,2
2024-11-16,12,4,34.535,Saturday,11,1,2
2024-11-16,13,3,34.126666666666665,Saturday,11,1,2
2024-11-16,14,1,30.86,Saturday,11,0,2
2024-11-17,10,1,30.86,Sunday,11,0,3
2024-11-17,13,1,30.86,Sunday,11,0,3
2024-11-17,14,2,28.41,Sunday,11,0,3
2024-11-17,16,2,35.76,Sunday,11,0,3
2024-11-17,18,1,35.76,Sunday,11,0,3
2024-11-17,19,2,35.76,Sunday,11,0,3
2024-11-18,7,3,32.49333333333333,Monday,11,1,1
2024-11-18,16,2,35.76,Monday,11,0,1
2024-11-18,18,1,35.76,Monday,11,0,1
2024-11-19,7,5,31.839999999999996,Tuesday,11,1,5
2024-11-19,10,1,30.86,Tuesday,11,0,5
2024-11-19,11,1,35.76,Tuesday,11,0,5
2024-11-19,16,4,35.76,Tuesday,11,1,5
2024-11-20,13,1,30.86,Wednesday,11,0,6
2024-11-20,16,1,35.76,Wednesday,11,0,6
2024-11-20,17,2,35.76,Wednesday,11,0,6
2024-11-21,11,1,25.96,Thursday,11,0,4
2024-11-21,12,2,35.76,Thursday,11,0,4
2024-11-21,13,1,35.76,Thursday,11,0,4
2024-11-21,16,1,35.76,Thursday,11,0,4
2024-11-21,17,2,28.41,Thursday,11,0,4
2024-11-21,19,1,35.76,Thursday,11,0,4
2024-11-22,7,1,35.76,Friday,11,0,0
2024-11-22,10,1,35.76,Friday,11,0,0
2024-11-22,11,2,35.76,Friday,11,0,0
2024-11-22,16,2,35.76,Friday,11,0,0
2024-11-23,9,2,25.96,Saturday,11,0,2
2024-11-23,10,1,35.76,Saturday,11,0,2
2024-11-23,11,4,30.86,Saturday,11,1,2
2024-11-23,22,1,35.76,Saturday,11,0,2
2024-11-24,8,1,35.76,Sunday,11,0,3
2024-11-25,7,2,35.76,Monday,11,0,1
2024-11-25,9,1,30.86,Monday,11,0,1
2024-11-25,10,1,25.96,Monday,11,0,1
2024-11-25,12,2,35.76,Monday,11,0,1
2024-11-25,16,1,35.76,Monday,11,0,1
2024-11-25,19,2,33.31,Monday,11,0,1
2024-11-25,21,2,35.76,Monday,11,0,1
2024-11-26,7,1,35.76,Tuesday,11,0,5
2024-11-26,11,4,33.31,Tuesday,11,1,5
2024-11-26,16,2,35.76,Tuesday,11,0,5
2024-11-26,17,2,28.41,Tuesday,11,0,5
2024-11-26,19,1,35.76,Tuesday,11,0,5
2024-11-28,8,1,35.76,Thursday,11,0,4
2024-11-28,9,1,30.86,Thursday,11,0,4
2024-11-28,20,3,34.126666666666665,Thursday,11,1,4
2024-11-28,22,1,35.76,Thursday,11,0,4
2024-11-29,7,2,35.76,Friday,11,0,0
2024-11-29,9,2,30.86,Friday,11,0,0
2024-11-29,15,2,33.31,Friday,11,0,0
2024-11-29,20,1,35.76,Friday,11,0,0
2024-11-30,12,1,35.76,Saturday,11,0,2
2024-11-30,14,3,32.49333333333333,Saturday,11,1,2
2024-11-30,15,1,30.86,Saturday,11,0,2
2024-11-30,22,1,30.86,Saturday,11,0,2
2024-12-01,10,3,30.86,Sunday,12,1,3
2024-12-01,14,1,30.86,Sunday,12,0,3
2024-12-01,15,5,35.76,Sunday,12,1,3
2024-12-01,16,2,35.76,Sunday,12,0,3
2024-12-01,17,2,30.86,Sunday,12,0,3
2024-12-01,18,1,30.86,Sunday,12,0,3
2024-12-02,7,2,30.86,Monday,12,0,1
2024-12-02,8,2,33.31,Monday,12,0,1
2024-12-02,11,1,25.96,Monday,12,0,1
2024-12-02,15,1,21.06,Monday,12,0,1
2024-12-02,16,1,35.76,Monday,12,0,1
2024-12-02,17,1,25.96,Monday,12,0,1
2024-12-02,18,1,35.76,Monday,12,0,1
2024-12-03,8,1,35.76,Tuesday,12,0,5
2024-12-03,9,2,30.86,Tuesday,12,0,5
2024-12-03,11,4,29.634999999999998,Tuesday,12,1,5
2024-12-03,20,1,35.76,Tuesday,12,0,5
2024-12-03,21,3,35.76,Tuesday,12,1,5
2024-12-03,22,2,33.31,Tuesday,12,0,5
2024-12-04,8,3,32.49333333333333,Wednesday,12,1,6
2024-12-04,9,1,25.96,Wednesday,12,0,6
2024-12-04,10,4,32.085,Wednesday,12,1,6
2024-12-04,11,1,30.86,Wednesday,12,0,6
2024-12-04,14,1,35.76,Wednesday,12,0,6
2024-12-05,8,1,25.96,Thursday,12,0,4
2024-12-05,9,1,25.96,Thursday,12,0,4
2024-12-05,10,2,30.86,Thursday,12,0,4
2024-12-05,11,2,30.86,Thursday,12,0,4
2024-12-05,14,1,35.76,Thursday,12,0,4
2024-12-05,15,1,35.76,Thursday,12,0,4
2024-12-05,16,1,35.76,Thursday,12,0,4
2024-12-06,11,1,35.76,Friday,12,0,0
2024-12-06,16,1,35.76,Friday,12,0,0
2024-12-06,22,2,35.76,Friday,12,0,0
2024-12-07,11,1,30.86,Saturday,12,0,2
2024-12-07,14,1,25.96,Saturday,12,0,2
2024-12-07,15,1,35.76,Saturday,12,0,2
2024-12-07,19,1,35.76,Saturday,12,0,2
2024-12-07,22,2,28.41,Saturday,12,0,2
2024-12-08,8,1,25.96,Sunday,12,0,3
2024-12-08,10,2,35.76,Sunday,12,0,3
2024-12-08,12,1,25.96,Sunday,12,0,3
2024-12-08,13,2,30.86,Sunday,12,0,3
2024-12-08,17,1,35.76,Sunday,12,0,3
2024-12-08,18,1,21.06,Sunday,12,0,3
2024-12-08,20,1,35.76,Sunday,12,0,3
2024-12-08,21,2,30.86,Sunday,12,0,3
2024-12-09,8,1,35.76,Monday,12,0,1
2024-12-09,9,2,28.41,Monday,12,0,1
2024-12-09,13,1,25.96,Monday,12,0,1
2024-12-09,21,1,35.76,Monday,12,0,1
2024-12-10,12,1,25.96,Tuesday,12,0,5
2024-12-10,18,1,35.76,Tuesday,12,0,5
2024-12-11,7,1,35.76,Wednesday,12,0,6
2024-12-11,10,1,25.96,Wednesday,12,0,6
2024-12-11,12,2,28.409999999999997,Wednesday,12,0,6
2024-12-11,17,1,35.76,Wednesday,12,0,6
2024-12-11,21,2,35.76,Wednesday,12,0,6
2024-12-12,7,1,30.86,Thursday,12,0,4
2024-12-12,12,1,25.96,Thursday,12,0,4
2024-12-12,16,3,22.69333333333333,Thursday,12,1,4
2024-12-12,19,2,35.76,Thursday,12,0,4
2024-12-13,12,3,29.22666666666667,Friday,12,1,0
2024-12-13,14,1,35.76,Friday,12,0,0
2024-12-13,16,1,35.76,Friday,12,0,0
2024-12-13,19,2,35.76,Friday,12,0,0
2024-12-13,21,1,35.76,Friday,12,0,0
2024-12-14,8,1,30.86,Saturday,12,0,2
2024-12-14,9,1,35.76,Saturday,12,0,2
2024-12-14,11,1,35.76,Saturday,12,0,2
2024-12-14,13,2,30.86,Saturday,12,0,2
2024-12-14,16,3,29.22666666666667,Saturday,12,1,2
2024-12-14,17,2,25.96,Saturday,12,0,2
2024-12-14,18,1,30.86,Saturday,12,0,2
2024-12-15,11,2,35.76,Sunday,12,0,3
2024-12-15,17,1,35.76,Sunday,12,0,3
2024-12-16,7,1,35.76,Monday,12,0,1
2024-12-16,8,2,35.76,Monday,12,0,1
2024-12-16,12,1,30.86,Monday,12,0,1
2024-12-16,13,1,35.76,Monday,12,0,1
2024-12-16,14,1,35.76,Monday,12,0,1
2024-12-16,18,2,33.31,Monday,12,0,1
2024-12-17,8,2,30.86,Tuesday,12,0,5
2024-12-17,10,1,30.86,Tuesday,12,0,5
2024-12-17,16,2,30.86,Tuesday,12,0,5
2024-12-17,17,1,35.76,Tuesday,12,0,5
2024-12-17,18,1,35.76,Tuesday,12,0,5
2024-12-18,9,1,35.76,Wednesday,12,0,6
2024-12-18,10,3,34.126666666666665,Wednesday,12,1,6
2024-12-19,10,1,35.76,Thursday,12,0,4
2024-12-19,11,1,30.86,Thursday,12,0,4
2024-12-19,12,1,21.06,Thursday,12,0,4
2024-12-19,13,1,35.76,Thursday,12,0,4
2024-12-19,19,4,34.535,Thursday,12,1,4
2024-12-19,21,2,35.76,Thursday,12,0,4
2024-12-20,8,1,25.96,Friday,12,0,0
2024-12-20,9,1,30.86,Friday,12,0,0
2024-12-20,10,2,30.86,Friday,12,0,0
2024-12-20,12,2,25.96,Friday,12,0,0
2024-12-20,14,1,25.96,Friday,12,0,0
2024-12-20,18,2,35.76,Friday,12,0,0
2024-12-21,10,3,32.49333333333333,Saturday,12,1,2
2024-12-21,15,4,34.535,Saturday,12,1,2
2024-12-21,17,1,35.76,Saturday,12,0,2
2024-12-21,18,2,30.86,Saturday,12,0,2
2024-12-21,19,2,28.41,Saturday,12,0,2
2024-12-21,21,2,30.86,Saturday,12,0,2
2024-12-21,22,1,25.96,Saturday,12,0,2
2024-12-22,10,1,35.76,Sunday,12,0,3
2024-12-22,18,1,35.76,Sunday,12,0,3
2024-12-22,19,2,35.76,Sunday,12,0,3
2024-12-22,20,1,35.76,Sunday,12,0,3
2024-12-22,21,2,30.86,Sunday,12,0,3
2024-12-23,9,2,28.41,Monday,12,0,1
2024-12-23,10,1,30.86,Monday,12,0,1
2024-12-23,11,1,35.76,Monday,12,0,1
2024-12-23,14,1,35.76,Monday,12,0,1
2024-12-23,15,1,30.86,Monday,12,0,1
2024-12-23,16,1,35.76,Monday,12,0,1
2024-12-23,17,2,30.86,Monday,12,0,1
2024-12-23,20,1,25.96,Monday,12,0,1
2024-12-24,15,1,30.86,Tuesday,12,0,5
2024-12-24,16,1,35.76,Tuesday,12,0,5
2024-12-24,17,1,25.96,Tuesday,12,0,5
2024-12-24,19,4,32.084999999999994,Tuesday,12,1,5
2024-12-25,10,2,35.76,Wednesday,12,0,6
2024-12-25,12,2,28.41,Wednesday,12,0,6
2024-12-25,13,2,28.41,Wednesday,12,0,6
2024-12-25,20,1,35.76,Wednesday,12,0,6
2024-12-25,21,3,35.76,Wednesday,12,1,6
2024-12-25,22,2,33.31,Wednesday,12,0,6
2024-12-26,13,1,35.76,Thursday,12,0,4
2024-12-26,15,1,21.06,Thursday,12,0,4
2024-12-27,7,1,25.96,Friday,12,0,0
2024-12-27,8,1,25.96,Friday,12,0,0
2024-12-27,9,1,25.96,Friday,12,0,0
2024-12-27,10,1,30.86,Friday,12,0,0
2024-12-27,17,1,35.76,Friday,12,0,0
2024-12-27,19,2,28.41,Friday,12,0,0
2024-12-27,22,1,35.76,Friday,12,0,0
2024-12-28,9,2,25.96,Saturday,12,0,2
2024-12-28,10,2,33.31,Saturday,12,0,2
2024-12-28,14,2,35.76,Saturday,12,0,2
2024-12-28,17,1,35.76,Saturday,12,0,2
2024-12-28,22,1,35.76,Saturday,12,0,2
2024-12-29,13,1,25.96,Sunday,12,0,3
2024-12-29,15,2,23.509999999999998,Sunday,12,0,3
2024-12-29,17,2,23.509999999999998,Sunday,12,0,3
2024-12-29,19,1,25.96,Sunday,12,0,3
2024-12-29,20,1,35.76,Sunday,12,0,3
2024-12-29,21,1,35.76,Sunday,12,0,3
2024-12-30,9,2,28.41,Monday,12,0,1
2024-12-30,13,2,35.76,Monday,12,0,1
2024-12-30,15,2,33.31,Monday,12,0,1
2024-12-30,16,3,30.86,Monday,12,1,1
2024-12-31,8,1,25.96,Tuesday,12,0,5
2024-12-31,9,3,32.49333333333333,Tuesday,12,1,5
2024-12-31,10,2,30.86,Tuesday,12,0,5
2024-12-31,11,2,33.31,Tuesday,12,0,5
2024-12-31,15,2,23.509999999999998,Tuesday,12,0,5
2024-12-31,16,1,35.76,Tuesday,12,0,5
2024-12-31,17,3,34.126666666666665,Tuesday,12,1,5
2024-12-31,19,2,35.76,Tuesday,12,0,5
2025-01-02,9,1,30.86,Thursday,1,0,4
2025-01-02,13,2,35.76,Thursday,1,0,4
2025-01-02,14,2,25.96,Thursday,1,0,4
2025-01-02,16,3,30.86,Thursday,1,1,4
2025-01-02,17,1,35.76,Thursday,1,0,4
2025-01-03,9,1,25.96,Friday,1,0,0
2025-01-03,10,1,30.86,Friday,1,0,0
2025-01-03,16,1,30.86,Friday,1,0,0
2025-01-03,22,4,30.86,Friday,1,1,0
2025-01-04,8,1,25.96,Saturday,1,0,2
2025-01-04,9,1,25.96,Saturday,1,0,2
2025-01-04,13,1,35.76,Saturday,1,0,2
2025-01-04,15,1,35.76,Saturday,1,0,2
2025-01-04,16,4,32.085,Saturday,1,1,2
2025-01-04,18,1,25.96,Saturday,1,0,2
2025-01-04,22,1,35.76,Saturday,1,0,2
2025-01-05,9,1,30.86,Sunday,1,0,3
2025-01-05,10,1,35.76,Sunday,1,0,3
2025-01-05,22,1,30.86,Sunday,1,0,3
2025-01-06,19,1,25.96,Monday,1,0,1
2025-01-07,13,1,35.76,Tuesday,1,0,5
2025-01-07,22,2,35.76,Tuesday,1,0,5
2025-01-08,7,1,30.86,Wednesday,1,0,6
2025-01-08,9,1,35.76,Wednesday,1,0,6
2025-01-08,10,1,25.96,Wednesday,1,0,6
2025-01-08,17,1,35.76,Wednesday,1,0,6
2025-01-09,8,2,30.86,Thursday,1,0,4
2025-01-09,9,1,30.86,Thursday,1,0,4
2025-01-09,14,1,21.06,Thursday,1,0,4
2025-01-09,15,3,30.86,Thursday,1,1,4
2025-01-09,20,1,30.86,Thursday,1,0,4
2025-01-09,22,1,35.76,Thursday,1,0,4
2025-01-10,8,1,30.86,Friday,1,0,0
2025-01-10,9,1,30.86,Friday,1,0,0
2025-01-10,17,3,34.126666666666665,Friday,1,1,0
2025-01-11,7,1,30.86,Saturday,1,0,2
2025-01-11,10,1,35.76,Saturday,1,0,2
2025-01-11,11,3,32.49333333333333,Saturday,1,1,2
2025-01-11,12,2,35.76,Saturday,1,0,2
2025-01-11,14,4,33.31,Saturday,1,1,2
2025-01-11,17,3,29.22666666666667,Saturday,1,1,2
2025-01-11,18,1,30.86,Saturday,1,0,2
2025-01-12,11,3,29.22666666666667,Sunday,1,1,3
2025-01-12,16,1,35.76,Sunday,1,0,3
2025-01-12,20,1,30.86,Sunday,1,0,3
2025-01-13,8,1,30.86,Monday,1,0,1
2025-01-13,9,1,30.86,Monday,1,0,1
2025-01-13,13,2,30.86,Monday,1,0,1
2025-01-13,14,2,35.76,Monday,1,0,1
2025-01-13,16,1,35.76,Monday,1,0,1
2025-01-13,20,1,21.06,Monday,1,0,1
2025-01-14,7,1,35.76,Tuesday,1,0,5
2025-01-14,9,1,25.96,Tuesday,1,0,5
2025-01-14,10,1,30.86,Tuesday,1,0,5
2025-01-14,12,1,35.76,Tuesday,1,0,5
2025-01-14,16,2,30.86,Tuesday,1,0,5
2025-01-14,19,1,35.76,Tuesday,1,0,5
2025-01-14,21,1,35.76,Tuesday,1,0,5
2025-01-15,9,1,30.86,Wednesday,1,0,6
2025-01-15,11,1,25.96,Wednesday,1,0,6
2025-01-15,13,1,35.76,Wednesday,1,0,6
2025-01-15,15,3,35.76,Wednesday,1,1,6
2025-01-15,16,1,35.76,Wednesday,1,0,6
2025-01-15,18,1,35.76,Wednesday,1,0,6
2025-01-15,19,1,35.76,Wednesday,1,0,6
2025-01-15,21,1,35.76,Wednesday,1,0,6
2025-01-16,9,2,33.31,Thursday,1,0,4
2025-01-16,10,1,30.86,Thursday,1,0,4
2025-01-16,12,1,25.96,Thursday,1,0,4
2025-01-16,15,1,35.76,Thursday,1,0,4
2025-01-16,16,1,35.76,Thursday,1,0,4
2025-01-16,18,1,35.76,Thursday,1,0,4
2025-01-16,21,3,32.49333333333333,Thursday,1,1,4
2025-01-17,7,1,35.76,Friday,1,0,0
2025-01-17,8,3,34.126666666666665,Friday,1,1,0
2025-01-17,9,1,30.86,Friday,1,0,0
2025-01-17,14,2,35.76,Friday,1,0,0
2025-01-17,17,1,35.76,Friday,1,0,0
2025-01-17,21,1,35.76,Friday,1,0,0
2025-01-18,10,1,30.86,Saturday,1,0,2
2025-01-18,16,3,35.76,Saturday,1,1,2
2025-01-20,8,1,30.86,Monday,1,0,1
2025-01-20,10,1,30.86,Monday,1,0,1
2025-01-20,11,1,25.96,Monday,1,0,1
2025-01-20,12,2,25.96,Monday,1,0,1
2025-01-20,13,1,30.86,Monday,1,0,1
2025-01-20,20,3,35.76,Monday,1,1,1
2025-01-20,21,1,35.76,Monday,1,0,1
2025-01-21,8,3,30.86,Tuesday,1,1,5
2025-01-21,15,1,25.96,Tuesday,1,0,5
2025-01-21,18,3,35.76,Tuesday,1,1,5
2025-01-21,19,1,25.96,Tuesday,1,0,5
2025-01-22,11,1,21.06,Wednesday,1,0,6
2025-01-22,17,1,30.86,Wednesday,1,0,6
2025-01-22,18,1,35.76,Wednesday,1,0,6
2025-01-22,19,3,34.126666666666665,Wednesday,1,1,6
2025-01-22,20,1,30.86,Wednesday,1,0,6
2025-01-24,13,2,30.86,Friday,1,0,0
2025-01-24,15,1,35.76,Friday,1,0,0
2025-01-24,17,1,25.96,Friday,1,0,0
2025-01-24,21,1,35.76,Friday,1,0,0
2025-01-24,22,2,35.76,Friday,1,0,0
2025-01-25,13,1,35.76,Saturday,1,0,2
2025-01-25,14,2,30.86,Saturday,1,0,2
2025-01-26,12,2,23.509999999999998,Sunday,1,0,3
2025-01-27,8,2,25.96,Monday,1,0,1
2025-01-27,12,1,35.76,Monday,1,0,1
2025-01-27,13,1,30.86,Monday,1,0,1
2025-01-27,15,3,29.22666666666667,Monday,1,1,1
2025-01-27,18,1,35.76,Monday,1,0,1
2025-01-27,19,2,35.76,Monday,1,0,1
2025-01-28,8,1,35.76,Tuesday,1,0,5
2025-01-28,9,1,25.96,Tuesday,1,0,5
2025-01-28,11,1,30.86,Tuesday,1,0,5
2025-01-28,12,1,25.96,Tuesday,1,0,5
2025-01-28,16,2,30.86,Tuesday,1,0,5
2025-01-28,17,1,25.96,Tuesday,1,0,5
2025-01-28,20,2,35.76,Tuesday,1,0,5
2025-01-29,9,1,25.96,Wednesday,1,0,6
2025-01-29,16,1,25.96,Wednesday,1,0,6
2025-01-29,19,2,25.96,Wednesday,1,0,6
2025-01-30,9,1,30.86,Thursday,1,0,4
2025-01-30,10,1,30.86,Thursday,1,0,4
2025-01-30,11,1,25.96,Thursday,1,0,4
2025-01-30,12,1,35.76,Thursday,1,0,4
2025-01-30,13,1,25.96,Thursday,1,0,4
2025-01-30,14,1,30.86,Thursday,1,0,4
2025-01-30,17,1,35.76,Thursday,1,0,4
2025-01-30,18,2,28.41,Thursday,1,0,4
2025-01-31,8,2,28.41,Friday,1,0,0
2025-01-31,9,4,34.535,Friday,1,1,0
2025-01-31,12,2,35.76,Friday,1,0,0
2025-01-31,14,1,35.76,Friday,1,0,0
2025-01-31,16,1,30.86,Friday,1,0,0
2025-01-31,22,2,28.41,Friday,1,0,0
2025-02-01,8,1,30.86,Saturday,2,0,2
2025-02-01,10,1,30.86,Saturday,2,0,2
2025-02-01,13,2,25.96,Saturday,2,0,2
2025-02-01,14,2,35.76,Saturday,2,0,2
2025-02-01,15,1,35.76,Saturday,2,0,2
2025-02-01,18,1,35.76,Saturday,2,0,2
2025-02-01,19,2,30.86,Saturday,2,0,2
2025-02-01,21,1,30.86,Saturday,2,0,2
2025-02-02,10,2,35.76,Sunday,2,0,3
2025-02-02,12,2,35.76,Sunday,2,0,3
2025-02-02,14,1,30.86,Sunday,2,0,3
2025-02-02,16,2,35.76,Sunday,2,0,3
2025-02-03,7,2,33.31,Monday,2,0,1
2025-02-03,8,2,25.96,Monday,2,0,1
2025-02-03,10,3,30.86,Monday,2,1,1
2025-02-03,13,3,32.49333333333333,Monday,2,1,1
2025-02-03,14,3,32.49333333333333,Monday,2,1,1
2025-02-03,15,2,30.86,Monday,2,0,1
2025-02-03,17,8,33.31,Monday,2,1,1
2025-02-03,18,1,25.96,Monday,2,0,1
2025-02-03,20,1,35.76,Monday,2,0,1
2025-02-04,10,2,28.41,Tuesday,2,0,5
2025-02-04,12,1,30.86,Tuesday,2,0,5
2025-02-04,13,1,25.96,Tuesday,2,0,5
2025-02-04,14,3,27.593333333333334,Tuesday,2,1,5
2025-02-04,18,1,30.86,Tuesday,2,0,5
2025-02-04,19,4,33.31,Tuesday,2,1,5
2025-02-05,8,1,30.86,Wednesday,2,0,6
2025-02-05,9,1,30.86,Wednesday,2,0,6
2025-02-05,11,4,27.185000000000002,Wednesday,2,1,6
2025-02-05,12,1,25.96,Wednesday,2,0,6
2025-02-05,13,3,22.69333333333333,Wednesday,2,1,6
2025-02-05,14,1,35.76,Wednesday,2,0,6
2025-02-05,15,1,35.76,Wednesday,2,0,6
2025-02-05,16,5,35.76,Wednesday,2,1,6
2025-02-05,18,5,34.779999999999994,Wednesday,2,1,6
2025-02-05,19,1,35.76,Wednesday,2,0,6
2025-02-05,20,1,35.76,Wednesday,2,0,6
2025-02-06,7,1,30.86,Thursday,2,0,4
2025-02-06,13,1,25.96,Thursday,2,0,4
2025-02-06,14,2,33.31,Thursday,2,0,4
2025-02-06,16,1,35.76,Thursday,2,0,4
2025-02-06,17,2,35.76,Thursday,2,0,4
2025-02-06,19,2,28.409999999999997,Thursday,2,0,4
2025-02-06,20,3,35.76,Thursday,2,1,4
2025-02-07,8,1,30.86,Friday,2,0,0
2025-02-07,9,1,30.86,Friday,2,0,0
2025-02-07,10,1,25.96,Friday,2,0,0
2025-02-07,12,3,30.86,Friday,2,1,0
2025-02-07,16,4,33.31,Friday,2,1,0
2025-02-07,18,4,33.31,Friday,2,1,0
2025-02-07,20,2,30.86,Friday,2,0,0
2025-02-08,9,1,25.96,Saturday,2,0,2
2025-02-08,10,1,30.86,Saturday,2,0,2
2025-02-08,11,2,25.96,Saturday,2,0,2
2025-02-08,12,1,25.96,Saturday,2,0,2
2025-02-08,13,1,25.96,Saturday,2,0,2
2025-02-08,15,2,25.96,Saturday,2,0,2
2025-02-09,8,1,35.76,Sunday,2,0,3
2025-02-09,10,2,28.41,Sunday,2,0,3
2025-02-09,12,1,35.76,Sunday,2,0,3
2025-02-09,15,4,35.76,Sunday,2,1,3
2025-02-09,16,1,25.96,Sunday,2,0,3
2025-02-10,7,1,25.96,Monday,2,0,1
2025-02-10,8,2,25.96,Monday,2,0,1
2025-02-10,11,1,30.86,Monday,2,0,1
2025-02-10,13,4,29.634999999999998,Monday,2,1,1
2025-02-10,14,4,33.31,Monday,2,1,1
2025-02-10,15,4,34.535,Monday,2,1,1
2025-02-10,16,1,35.76,Monday,2,0,1
2025-02-10,17,1,25.96,Monday,2,0,1
2025-02-10,18,1,30.86,Monday,2,0,1
2025-02-10,19,2,35.76,Monday,2,0,1
2025-02-11,10,1,25.96,Tuesday,2,0,5
2025-02-11,11,3,30.86,Tuesday,2,1,5
2025-02-11,15,1,35.76,Tuesday,2,0,5
2025-02-11,16,2,25.96,Tuesday,2,0,5
2025-02-11,17,5,30.860000000000003,Tuesday,2,1,5
2025-02-11,19,2,35.76,Tuesday,2,0,5
2025-02-12,7,2,30.86,Wednesday,2,0,6
2025-02-12,8,1,35.76,Wednesday,2,0,6
2025-02-12,9,1,30.86,Wednesday,2,0,6
2025-02-12,10,1,25.96,Wednesday,2,0,6
2025-02-12,12,1,25.96,Wednesday,2,0,6
2025-02-12,13,2,30.86,Wednesday,2,0,6
2025-02-12,15,3,35.76,Wednesday,2,1,6
2025-02-12,16,2,25.96,Wednesday,2,0,6
2025-02-12,17,2,30.86,Wednesday,2,0,6
2025-02-12,20,2,35.76,Wednesday,2,0,6
2025-02-12,21,1,35.76,Wednesday,2,0,6
2025-02-13,7,1,30.86,Thursday,2,0,4
2025-02-13,8,1,25.96,Thursday,2,0,4
2025-02-13,9,2,28.409999999999997,Thursday,2,0,4
2025-02-13,10,2,30.86,Thursday,2,0,4
2025-02-13,16,2,25.96,Thursday,2,0,4
2025-02-13,17,2,30.86,Thursday,2,0,4
2025-02-13,18,2,35.76,Thursday,2,0,4
2025-02-13,19,1,35.76,Thursday,2,0,4
2025-02-14,11,1,25.96,Friday,2,0,0
2025-02-14,14,4,28.41,Friday,2,1,0
2025-02-14,15,5,35.76,Friday,2,1,0
2025-02-14,17,4,28.41,Friday,2,1,0
2025-02-14,21,1,25.96,Friday,2,0,0
2025-02-15,9,1,35.76,Saturday,2,0,2
2025-02-15,12,2,30.86,Saturday,2,0,2
2025-02-15,13,2,30.86,Saturday,2,0,2
2025-02-15,14,2,30.86,Saturday,2,0,2
2025-02-15,15,2,35.76,Saturday,2,0,2
2025-02-16,10,3,27.593333333333334,Sunday,2,1,3
2025-02-16,11,2,30.86,Sunday,2,0,3
2025-02-16,14,2,35.76,Sunday,2,0,3
2025-02-16,17,3,32.49333333333333,Sunday,2,1,3
2025-02-17,6,1,35.76,Monday,2,0,1
2025-02-17,8,1,25.96,Monday,2,0,1
2025-02-17,9,3,30.86,Monday,2,1,1
2025-02-17,10,2,28.41,Monday,2,0,1
2025-02-17,11,2,25.96,Monday,2,0,1
2025-02-17,12,1,35.76,Monday,2,0,1
2025-02-17,14,1,35.76,Monday,2,0,1
2025-02-17,15,2,33.31,Monday,2,0,1
2025-02-17,16,2,23.509999999999998,Monday,2,0,1
2025-02-17,17,1,30.86,Monday,2,0,1
2025-02-17,18,1,25.96,Monday,2,0,1
2025-02-17,19,2,25.96,Monday,2,0,1
2025-02-17,20,1,35.76,Monday,2,0,1
2025-02-18,8,2,25.96,Tuesday,2,0,5
2025-02-18,11,3,27.593333333333334,Tuesday,2,1,5
2025-02-18,12,1,30.86,Tuesday,2,0,5
2025-02-18,13,3,30.86,Tuesday,2,1,5
2025-02-18,17,5,31.839999999999996,Tuesday,2,1,5
2025-02-18,19,1,35.76,Tuesday,2,0,5
2025-02-18,20,2,35.76,Tuesday,2,0,5
2025-02-18,21,1,30.86,Tuesday,2,0,5
2025-02-19,8,3,29.22666666666667,Wednesday,2,1,6
2025-02-19,9,1,35.76,Wednesday,2,0,6
2025-02-19,10,3,30.86,Wednesday,2,1,6
2025-02-19,12,2,30.86,Wednesday,2,0,6
2025-02-19,13,1,25.96,Wednesday,2,0,6
2025-02-19,15,1,35.76,Wednesday,2,0,6
2025-02-19,17,3,30.86,Wednesday,2,1,6
2025-02-19,18,1,35.76,Wednesday,2,0,6
2025-02-19,19,4,35.76,Wednesday,2,1,6
2025-02-19,20,1,35.76,Wednesday,2,0,6
2025-02-20,7,1,35.76,Thursday,2,0,4
2025-02-20,9,1,25.96,Thursday,2,0,4
2025-02-20,10,4,28.41,Thursday,2,1,4
2025-02-20,13,1,30.86,Thursday,2,0,4
2025-02-20,14,3,29.22666666666667,Thursday,2,1,4
2025-02-20,15,1,21.06,Thursday,2,0,4
2025-02-20,16,2,35.76,Thursday,2,0,4
2025-02-20,17,2,30.86,Thursday,2,0,4
2025-02-20,18,1,25.96,Thursday,2,0,4
2025-02-20,19,2,35.76,Thursday,2,0,4
2025-02-20,20,1,35.76,Thursday,2,0,4
2025-02-21,6,1,25.96,Friday,2,0,0
2025-02-21,9,3,30.86,Friday,2,1,0
2025-02-21,10,1,25.96,Friday,2,0,0
2025-02-21,11,1,30.86,Friday,2,0,0
2025-02-21,12,4,25.96,Friday,2,1,0
2025-02-21,13,1,25.96,Friday,2,0,0
2025-02-21,14,1,25.96,Friday,2,0,0
2025-02-21,15,4,28.41,Friday,2,1,0
2025-02-21,16,4,35.76,Friday,2,1,0
2025-02-21,19,3,35.76,Friday,2,1,0
2025-02-22,10,1,35.76,Saturday,2,0,2
2025-02-22,11,2,25.96,Saturday,2,0,2
2025-02-22,12,1,21.06,Saturday,2,0,2
2025-02-22,15,1,30.86,Saturday,2,0,2
2025-02-23,10,1,30.86,Sunday,2,0,3
2025-02-23,12,2,30.86,Sunday,2,0,3
2025-02-23,13,1,35.76,Sunday,2,0,3
2025-02-23,14,1,35.76,Sunday,2,0,3
2025-02-23,17,1,25.96,Sunday,2,0,3
2025-02-24,9,2,33.31,Monday,2,0,1
2025-02-24,10,4,30.86,Monday,2,1,1
2025-02-24,12,1,35.76,Monday,2,0,1
2025-02-24,13,1,35.76,Monday,2,0,1
2025-02-24,15,1,30.86,Monday,2,0,1
2025-02-24,16,4,33.31,Monday,2,1,1
2025-02-24,17,2,28.41,Monday,2,0,1
2025-02-24,18,2,33.31,Monday,2,0,1
2025-02-24,19,4,34.535,Monday,2,1,1
2025-02-24,20,1,35.76,Monday,2,0,1
2025-02-25,8,3,29.22666666666667,Tuesday,2,1,5
2025-02-25,10,1,21.06,Tuesday,2,0,5
2025-02-25,11,2,25.96,Tuesday,2,0,5
2025-02-25,12,1,35.76,Tuesday,2,0,5
2025-02-25,14,1,35.76,Tuesday,2,0,5
2025-02-25,16,2,25.96,Tuesday,2,0,5
2025-02-25,18,1,35.76,Tuesday,2,0,5
2025-02-25,19,1,35.76,Tuesday,2,0,5
2025-02-26,8,1,25.96,Wednesday,2,0,6
2025-02-26,10,3,32.49333333333333,Wednesday,2,1,6
2025-02-26,13,2,35.76,Wednesday,2,0,6
2025-02-26,15,6,27.593333333333334,Wednesday,2,1,6
2025-02-26,16,3,35.76,Wednesday,2,1,6
2025-02-26,17,1,30.86,Wednesday,2,0,6
2025-02-26,18,2,35.76,Wednesday,2,0,6
2025-02-27,7,2,35.76,Thursday,2,0,4
2025-02-27,10,1,21.06,Thursday,2,0,4
2025-02-27,11,1,35.76,Thursday,2,0,4
2025-02-27,12,1,35.76,Thursday,2,0,4
2025-02-27,13,1,30.86,Thursday,2,0,4
2025-02-27,14,2,30.86,Thursday,2,0,4
2025-02-27,15,1,25.96,Thursday,2,0,4
2025-02-27,16,1,25.96,Thursday,2,0,4
2025-02-27,17,3,29.22666666666667,Thursday,2,1,4
2025-02-27,18,4,35.76,Thursday,2,1,4
2025-02-27,19,1,35.76,Thursday,2,0,4
2025-02-27,20,1,35.76,Thursday,2,0,4
2025-02-28,6,2,30.86,Friday,2,0,0
2025-02-28,7,1,35.76,Friday,2,0,0
2025-02-28,8,1,21.06,Friday,2,0,0
2025-02-28,9,1,30.86,Friday,2,0,0
2025-02-28,14,4,28.41,Friday,2,1,0
2025-02-28,15,1,25.96,Friday,2,0,0
2025-02-28,16,2,30.86,Friday,2,0,0
2025-02-28,17,4,29.634999999999998,Friday,2,1,0
2025-02-28,18,1,35.76,Friday,2,0,0
2025-03-01,10,1,35.76,Saturday,3,0,2
2025-03-01,11,2,25.96,Saturday,3,0,2
2025-03-01,14,1,35.76,Saturday,3,0,2
2025-03-01,15,2,28.41,Saturday,3,0,2
2025-03-01,16,1,35.76,Saturday,3,0,2
2025-03-01,17,1,25.96,Saturday,3,0,2
2025-03-02,9,1,35.76,Sunday,3,0,3
2025-03-02,12,1,35.76,Sunday,3,0,3
2025-03-02,13,1,30.86,Sunday,3,0,3
2025-03-02,15,3,27.593333333333334,Sunday,3,1,3
2025-03-03,8,1,35.76,Monday,3,0,1
2025-03-03,9,2,35.76,Monday,3,0,1
2025-03-03,10,2,35.76,Monday,3,0,1
2025-03-03,12,1,35.76,Monday,3,0,1
2025-03-03,15,2,30.86,Monday,3,0,1
2025-03-03,16,6,34.126666666666665,Monday,3,1,1
2025-03-03,17,6,31.676666666666666,Monday,3,1,1
2025-03-03,18,2,33.31,Monday,3,0,1
2025-03-04,7,2,30.86,Tuesday,3,0,5
2025-03-04,8,1,30.86,Tuesday,3,0,5
2025-03-04,9,3,25.959999999999997,Tuesday,3,1,5
2025-03-04,11,5,26.939999999999998,Tuesday,3,1,5
2025-03-04,12,1,35.76,Tuesday,3,0,5
2025-03-04,16,1,25.96,Tuesday,3,0,5
2025-03-04,18,1,35.76,Tuesday,3,0,5
2025-03-04,19,1,35.76,Tuesday,3,0,5
2025-03-04,20,1,35.76,Tuesday,3,0,5
2025-03-05,8,1,30.86,Wednesday,3,0,6
2025-03-05,9,1,25.96,Wednesday,3,0,6
2025-03-05,10,4,29.634999999999998,Wednesday,3,1,6
2025-03-05,11,4,30.86,Wednesday,3,1,6
2025-03-05,12,1,25.96,Wednesday,3,0,6
2025-03-05,15,3,35.76,Wednesday,3,1,6
2025-03-05,17,3,29.226666666666663,Wednesday,3,1,6
2025-03-05,18,1,35.76,Wednesday,3,0,6
2025-03-05,19,1,35.76,Wednesday,3,0,6
2025-03-06,9,2,28.409999999999997,Thursday,3,0,4
2025-03-06,10,3,27.593333333333334,Thursday,3,1,4
2025-03-06,11,2,30.86,Thursday,3,0,4
2025-03-06,13,1,35.76,Thursday,3,0,4
2025-03-06,16,1,30.86,Thursday,3,0,4
2025-03-06,17,1,35.76,Thursday,3,0,4
2025-03-06,18,1,35.76,Thursday,3,0,4
2025-03-06,19,1,30.86,Thursday,3,0,4
2025-03-07,7,1,35.76,Friday,3,0,0
2025-03-07,8,2,25.96,Friday,3,0,0
2025-03-07,9,1,25.96,Friday,3,0,0
2025-03-07,10,4,33.31,Friday,3,1,0
2025-03-07,11,1,35.76,Friday,3,0,0
2025-03-07,12,1,30.86,Friday,3,0,0
2025-03-07,13,2,30.86,Friday,3,0,0
2025-03-07,14,1,35.76,Friday,3,0,0
2025-03-07,15,2,35.76,Friday,3,0,0
2025-03-07,17,2,35.76,Friday,3,0,0
2025-03-08,9,2,30.86,Saturday,3,0,2
2025-03-08,10,1,25.96,Saturday,3,0,2
2025-03-08,11,2,25.96,Saturday,3,0,2
2025-03-08,12,2,28.41,Saturday,3,0,2
2025-03-08,13,1,35.76,Saturday,3,0,2
2025-03-09,9,1,21.06,Sunday,3,0,3
2025-03-09,11,1,30.86,Sunday,3,0,3
2025-03-09,13,1,35.76,Sunday,3,0,3
2025-03-09,14,1,25.96,Sunday,3,0,3
2025-03-09,15,4,32.085,Sunday,3,1,3
2025-03-10,8,2,30.86,Monday,3,0,1
2025-03-10,9,3,34.126666666666665,Monday,3,1,1
2025-03-10,10,1,35.76,Monday,3,0,1
2025-03-10,12,1,25.96,Monday,3,0,1
2025-03-10,15,2,30.86,Monday,3,0,1
2025-03-10,16,4,34.535,Monday,3,1,1
2025-03-10,18,3,32.49333333333333,Monday,3,1,1
2025-03-10,19,1,30.86,Monday,3,0,1
2025-03-11,8,1,25.96,Tuesday,3,0,5
2025-03-11,9,2,35.76,Tuesday,3,0,5
2025-03-11,10,1,25.96,Tuesday,3,0,5
2025-03-11,12,1,25.96,Tuesday,3,0,5
2025-03-11,13,1,25.96,Tuesday,3,0,5
2025-03-11,16,3,35.76,Tuesday,3,1,5
2025-03-11,17,1,35.76,Tuesday,3,0,5
2025-03-11,18,1,30.86,Tuesday,3,0,5
2025-03-11,19,1,35.76,Tuesday,3,0,5
2025-03-11,20,1,35.76,Tuesday,3,0,5
2025-03-12,11,5,30.860000000000003,Wednesday,3,1,6
2025-03-12,12,2,30.86,Wednesday,3,0,6
2025-03-12,13,2,35.76,Wednesday,3,0,6
2025-03-12,16,3,35.76,Wednesday,3,1,6
2025-03-12,18,5,29.880000000000003,Wednesday,3,1,6
2025-03-13,7,1,35.76,Thursday,3,0,4
2025-03-13,8,1,30.86,Thursday,3,0,4
2025-03-13,9,5,28.9,Thursday,3,1,4
2025-03-13,11,1,25.96,Thursday,3,0,4
2025-03-13,12,1,35.76,Thursday,3,0,4
2025-03-13,14,2,28.41,Thursday,3,0,4
2025-03-13,18,1,35.76,Thursday,3,0,4
2025-03-14,7,1,25.96,Friday,3,0,0
2025-03-14,8,2,28.41,Friday,3,0,0
2025-03-14,9,3,27.593333333333334,Friday,3,1,0
2025-03-14,10,3,32.49333333333333,Friday,3,1,0
2025-03-14,14,2,30.86,Friday,3,0,0
2025-03-14,15,2,35.76,Friday,3,0,0
2025-03-14,16,4,33.31,Friday,3,1,0
2025-03-14,17,4,30.86,Friday,3,1,0
2025-03-14,20,1,25.96,Friday,3,0,0
2025-03-14,21,1,25.96,Friday,3,0,0
2025-03-15,9,1,30.86,Saturday,3,0,2
2025-03-15,10,1,35.76,Saturday,3,0,2
2025-03-15,13,1,25.96,Saturday,3,0,2
2025-03-15,17,2,33.31,Saturday,3,0,2
2025-03-15,19,2,33.31,Saturday,3,0,2
2025-03-16,9,2,33.31,Sunday,3,0,3
2025-03-16,10,1,35.76,Sunday,3,0,3
2025-03-16,12,1,35.76,Sunday,3,0,3
2025-03-16,14,1,25.96,Sunday,3,0,3
2025-03-17,6,1,25.96,Monday,3,0,1
2025-03-17,8,2,25.96,Monday,3,0,1
2025-03-17,9,1,30.86,Monday,3,0,1
2025-03-17,10,1,25.96,Monday,3,0,1
2025-03-17,13,1,25.96,Monday,3,0,1
2025-03-17,14,3,35.76,Monday,3,1,1
2025-03-17,15,3,35.76,Monday,3,1,1
2025-03-17,16,1,25.96,Monday,3,0,1
2025-03-18,8,2,33.31,Tuesday,3,0,5
2025-03-18,10,2,30.86,Tuesday,3,0,5
2025-03-18,11,2,35.76,Tuesday,3,0,5
2025-03-18,14,1,30.86,Tuesday,3,0,5
2025-03-18,15,2,28.41,Tuesday,3,0,5
2025-03-18,16,3,27.593333333333334,Tuesday,3,1,5
2025-03-18,18,2,35.76,Tuesday,3,0,5
2025-03-18,20,2,35.76,Tuesday,3,0,5
2025-03-18,21,1,35.76,Tuesday,3,0,5
2025-03-19,7,3,29.22666666666667,Wednesday,3,1,6
2025-03-19,8,1,25.96,Wednesday,3,0,6
2025-03-19,10,1,35.76,Wednesday,3,0,6
2025-03-19,11,1,25.96,Wednesday,3,0,6
2025-03-19,12,1,25.96,Wednesday,3,0,6
2025-03-19,15,2,35.76,Wednesday,3,0,6
2025-03-19,16,6,30.86,Wednesday,3,1,6
2025-03-19,17,3,32.49333333333333,Wednesday,3,1,6
2025-03-19,18,3,22.69333333333333,Wednesday,3,1,6
2025-03-20,8,1,30.86,Thursday,3,0,4
2025-03-20,9,1,30.86,Thursday,3,0,4
2025-03-20,10,3,27.593333333333334,Thursday,3,1,4
2025-03-20,12,1,25.96,Thursday,3,0,4
2025-03-20,14,6,28.41,Thursday,3,1,4
2025-03-20,15,2,25.96,Thursday,3,0,4
2025-03-20,16,1,35.76,Thursday,3,0,4
2025-03-20,17,1,25.96,Thursday,3,0,4
2025-03-20,18,1,35.76,Thursday,3,0,4
2025-03-20,19,2,35.76,Thursday,3,0,4
2025-03-20,21,1,35.76,Thursday,3,0,4
2025-03-21,7,2,30.86,Friday,3,0,0
2025-03-21,8,4,28.41,Friday,3,1,0
2025-03-21,11,2,30.86,Friday,3,0,0
2025-03-21,13,2,30.86,Friday,3,0,0
2025-03-21,14,1,35.76,Friday,3,0,0
2025-03-21,15,4,33.31,Friday,3,1,0
2025-03-21,17,3,35.76,Friday,3,1,0
2025-03-21,18,2,30.86,Friday,3,0,0
2025-03-22,9,1,30.86,Saturday,3,0,2
2025-03-22,10,1,30.86,Saturday,3,0,2
2025-03-22,11,2,35.76,Saturday,3,0,2
2025-03-22,12,2,28.41,Saturday,3,0,2
2025-03-22,13,2,28.41,Saturday,3,0,2
2025-03-22,15,1,21.06,Saturday,3,0,2
2025-03-22,16,1,35.76,Saturday,3,0,2
2025-03-22,17,1,30.86,Saturday,3,0,2
2025-03-22,19,1,30.86,Saturday,3,0,2
2025-03-23,10,2,35.76,Sunday,3,0,3
2025-03-23,14,2,35.76,Sunday,3,0,3
2025-03-23,15,1,25.96,Sunday,3,0,3
2025-03-23,18,1,35.76,Sunday,3,0,3
